index,period,Alabama,Alaska,Arizona,Arkansas,California,Colorado,Connecticut,Delaware,District of Columbia,Florida,Georgia,Hawaii,Idaho,Illinois,Indiana,Iowa,Kansas,Kentucky,Louisiana,Maine,Maryland,Massachusetts,Michigan,Minnesota,Mississippi,Missouri,Montana,Nebraska,Nevada,New Hampshire,New Jersey,New Mexico,New York,North Carolina,North Dakota,Ohio,Oklahoma,Oregon,Pennsylvania,Rhode Island,South Carolina,South Dakota,Tennessee,Texas,Utah,Vermont,Virginia,Washington,West Virginia,Wisconsin,Wyoming
0,1999-Q1,0.5880794701986756,1.27875,1.3588235294117648,0.5880794701986756,1.5483870967741935,1.3588235294117648,1.171404255319149,0.5880794701986756,0.5880794701986756,1.4482758620689655,1.171404255319149,1.7779775280898877,1.3588235294117648,0.5880794701986756,0.5880794701986756,0.5880794701986756,0.5880794701986756,0.5880794701986756,0.5880794701986756,1.171404255319149,1.6578313253012047,0.5880794701986756,0.5880794701986756,0.5880794701986756,0.5880794701986756,0.5880794701986756,1.27875,0.5880794701986756,1.3588235294117648,1.171404255319149,1.171404255319149,1.4482758620689655,0.5880794701986756,1.171404255319149,0.5880794701986756,0.5880794701986756,0.5880794701986756,1.3588235294117648,0.5880794701986756,1.171404255319149,1.27875,0.5880794701986756,0.5880794701986756,0.5880794701986756,1.3588235294117648,1.171404255319149,1.3588235294117648,1.3588235294117648,0.5880794701986756,0.5880794701986756,0.5880794701986756
1,1999-Q2,0.5880794701986756,1.27875,1.27875,0.5880794701986756,1.5483870967741935,1.27875,0.5880794701986756,0.5880794701986756,0.5880794701986756,1.4482758620689655,1.171404255319149,1.7779775280898877,1.4482758620689655,0.5880794701986756,0.5880794701986756,0.5880794701986756,0.5880794701986756,0.5880794701986756,0.5880794701986756,0.5880794701986756,1.6578313253012047,0.5880794701986756,0.5880794701986756,0.5880794701986756,0.5880794701986756,0.5880794701986756,1.27875,0.5880794701986756,1.3588235294117648,0.5880794701986756,0.5880794701986756,1.3588235294117648,0.5880794701986756,1.171404255319149,0.5880794701986756,0.5880794701986756,0.5880794701986756,1.3588235294117648,0.5880794701986756,1.171404255319149,1.27875,0.5880794701986756,1.171404255319149,0.5880794701986756,1.3588235294117648,0.5880794701986756,1.3588235294117648,1.4482758620689655,0.5880794701986756,0.5880794701986756,0.5880794701986756
2,1999-Q3,1.171404255319149,1.3588235294117648,1.3588235294117648,0.5880794701986756,1.5483870967741935,1.3588235294117648,0.5880794701986756,0.5880794701986756,0.5880794701986756,1.4482758620689655,1.171404255319149,1.7779775280898877,1.4482758620689655,0.5880794701986756,0.5880794701986756,0.5880794701986756,0.5880794701986756,0.5880794701986756,0.5880794701986756,1.171404255319149,1.6578313253012047,0.5880794701986756,0.5880794701986756,0.5880794701986756,0.5880794701986756,0.5880794701986756,1.3588235294117648,0.5880794701986756,1.4482758620689655,1.171404255319149,1.171404255319149,1.4482758620689655,0.5880794701986756,1.171404255319149,0.5880794701986756,0.5880794701986756,0.5880794701986756,1.4482758620689655,0.5880794701986756,1.171404255319149,1.27875,0.5880794701986756,1.171404255319149,0.5880794701986756,1.3588235294117648,1.171404255319149,1.3588235294117648,1.4482758620689655,0.5880794701986756,0.5880794701986756,0.5880794701986756
3,1999-Q4,0.5880794701986756,1.27875,1.27875,0.5880794701986756,1.5483870967741935,1.27875,0.5880794701986756,0.5880794701986756,0.5880794701986756,1.4482758620689655,1.171404255319149,1.7779775280898877,1.4482758620689655,0.5880794701986756,0.5880794701986756,0.5880794701986756,0.5880794701986756,0.5880794701986756,0.5880794701986756,1.171404255319149,1.6578313253012047,0.5880794701986756,0.5880794701986756,0.5880794701986756,0.5880794701986756,0.5880794701986756,1.3588235294117648,0.5880794701986756,1.3588235294117648,0.5880794701986756,0.5880794701986756,1.4482758620689655,0.5880794701986756,1.171404255319149,0.5880794701986756,0.5880794701986756,0.5880794701986756,1.3588235294117648,0.5880794701986756,1.171404255319149,1.27875,0.5880794701986756,1.171404255319149,0.5880794701986756,1.3588235294117648,0.5880794701986756,1.3588235294117648,1.3588235294117648,0.5880794701986756,0.5880794701986756,0.5880794701986756
4,2000-Q1,0.5880794701986756,1.27875,1.27875,0.5880794701986756,1.4482758620689655,1.3588235294117648,0.5880794701986756,0.5880794701986756,0.5880794701986756,1.4482758620689655,1.27875,1.7779775280898877,1.4482758620689655,0.5880794701986756,0.5880794701986756,0.5880794701986756,0.5880794701986756,0.5880794701986756,0.5880794701986756,1.171404255319149,1.6578313253012047,0.5880794701986756,0.5880794701986756,0.5880794701986756,1.171404255319149,0.5880794701986756,1.3588235294117648,0.5880794701986756,1.4482758620689655,0.5880794701986756,0.5880794701986756,1.4482758620689655,0.5880794701986756,1.171404255319149,0.5880794701986756,0.5880794701986756,0.5880794701986756,1.3588235294117648,0.5880794701986756,1.171404255319149,1.27875,0.5880794701986756,1.171404255319149,0.5880794701986756,1.3588235294117648,1.171404255319149,1.3588235294117648,1.3588235294117648,0.5880794701986756,0.5880794701986756,0.5880794701986756
5,2000-Q2,1.171404255319149,1.27875,1.3588235294117648,0.5880794701986756,1.5483870967741935,1.3588235294117648,0.5880794701986756,0.5880794701986756,0.5880794701986756,1.4482758620689655,1.27875,1.7779775280898877,1.4482758620689655,0.5880794701986756,0.5880794701986756,0.5880794701986756,0.5880794701986756,0.5880794701986756,0.5880794701986756,1.171404255319149,1.6578313253012047,0.5880794701986756,0.5880794701986756,0.5880794701986756,1.171404255319149,0.5880794701986756,1.3588235294117648,0.5880794701986756,1.4482758620689655,1.171404255319149,0.5880794701986756,1.4482758620689655,0.5880794701986756,1.27875,0.5880794701986756,1.171404255319149,0.5880794701986756,1.4482758620689655,0.5880794701986756,1.171404255319149,1.3588235294117648,0.5880794701986756,1.171404255319149,0.5880794701986756,1.4482758620689655,1.171404255319149,1.4482758620689655,1.4482758620689655,0.5880794701986756,0.5880794701986756,1.171404255319149
6,2000-Q3,1.171404255319149,1.3588235294117648,1.4482758620689655,0.5880794701986756,1.5483870967741935,1.3588235294117648,0.5880794701986756,1.171404255319149,0.5880794701986756,1.4482758620689655,1.27875,1.9437948717948719,1.4482758620689655,0.5880794701986756,1.171404255319149,0.5880794701986756,0.5880794701986756,1.171404255319149,0.5880794701986756,1.171404255319149,1.6578313253012047,0.5880794701986756,1.171404255319149,0.5880794701986756,1.171404255319149,0.5880794701986756,1.4482758620689655,0.5880794701986756,1.4482758620689655,1.171404255319149,0.5880794701986756,1.4482758620689655,0.5880794701986756,1.27875,0.5880794701986756,1.171404255319149,0.5880794701986756,1.4482758620689655,0.5880794701986756,1.27875,1.3588235294117648,0.5880794701986756,1.171404255319149,0.5880794701986756,1.4482758620689655,0.5880794701986756,1.4482758620689655,1.5483870967741935,0.5880794701986756,0.5880794701986756,1.171404255319149
7,2000-Q4,1.27875,1.3588235294117648,1.4482758620689655,0.5880794701986756,1.6578313253012047,1.4482758620689655,0.5880794701986756,0.5880794701986756,0.5880794701986756,1.5483870967741935,1.3588235294117648,1.9437948717948719,1.5483870967741935,0.5880794701986756,1.171404255319149,0.5880794701986756,0.5880794701986756,1.171404255319149,1.171404255319149,1.27875,1.6578313253012047,0.5880794701986756,1.171404255319149,0.5880794701986756,1.27875,0.5880794701986756,1.5483870967741935,0.5880794701986756,1.6578313253012047,1.27875,0.5880794701986756,1.5483870967741935,0.5880794701986756,1.3588235294117648,0.5880794701986756,1.171404255319149,0.5880794701986756,1.5483870967741935,0.5880794701986756,1.27875,1.4482758620689655,0.5880794701986756,1.27875,0.5880794701986756,1.5483870967741935,1.171404255319149,1.4482758620689655,1.6578313253012047,1.171404255319149,0.5880794701986756,1.171404255319149
8,2001-Q1,1.27875,1.171404255319149,1.4482758620689655,0.5880794701986756,1.5483870967741935,1.4482758620689655,0.5880794701986756,1.171404255319149,0.5880794701986756,1.5483870967741935,1.3588235294117648,1.7779775280898877,1.5483870967741935,0.5880794701986756,1.171404255319149,0.5880794701986756,0.5880794701986756,0.5880794701986756,0.5880794701986756,1.171404255319149,1.6578313253012047,0.5880794701986756,1.171404255319149,0.5880794701986756,1.27875,0.5880794701986756,1.4482758620689655,0.5880794701986756,1.5483870967741935,1.171404255319149,1.171404255319149,1.5483870967741935,0.5880794701986756,1.3588235294117648,0.5880794701986756,1.171404255319149,0.5880794701986756,1.4482758620689655,0.5880794701986756,1.27875,1.4482758620689655,0.5880794701986756,1.171404255319149,0.5880794701986756,1.4482758620689655,1.171404255319149,1.4482758620689655,1.5483870967741935,1.171404255319149,0.5880794701986756,1.171404255319149
9,2001-Q2,1.27875,0.5880794701986756,1.4482758620689655,0.5880794701986756,1.5483870967741935,1.3588235294117648,0.5880794701986756,1.171404255319149,0.5880794701986756,1.4482758620689655,1.27875,1.7779775280898877,1.4482758620689655,0.5880794701986756,1.171404255319149,0.5880794701986756,0.5880794701986756,0.5880794701986756,0.5880794701986756,1.171404255319149,1.5483870967741935,0.5880794701986756,1.171404255319149,0.5880794701986756,1.171404255319149,0.5880794701986756,1.4482758620689655,0.5880794701986756,1.4482758620689655,1.171404255319149,0.5880794701986756,1.4482758620689655,0.5880794701986756,1.3588235294117648,0.5880794701986756,1.171404255319149,0.5880794701986756,1.4482758620689655,0.5880794701986756,1.171404255319149,1.3588235294117648,0.5880794701986756,1.171404255319149,0.5880794701986756,1.4482758620689655,1.171404255319149,1.3588235294117648,1.3588235294117648,1.171404255319149,0.5880794701986756,1.171404255319149
10,2001-Q3,1.3588235294117648,1.171404255319149,1.5483870967741935,1.171404255319149,1.6578313253012047,1.5483870967741935,1.171404255319149,1.171404255319149,0.5880794701986756,1.6578313253012047,1.4482758620689655,1.9437948717948719,1.6578313253012047,1.171404255319149,1.27875,0.5880794701986756,0.5880794701986756,1.171404255319149,1.171404255319149,1.27875,1.6578313253012047,0.5880794701986756,1.27875,1.171404255319149,1.3588235294117648,1.171404255319149,1.5483870967741935,0.5880794701986756,1.6578313253012047,1.27875,1.171404255319149,1.5483870967741935,0.5880794701986756,1.4482758620689655,0.5880794701986756,1.27875,1.171404255319149,1.6578313253012047,0.5880794701986756,1.3588235294117648,1.5483870967741935,1.171404255319149,1.27875,0.5880794701986756,1.5483870967741935,1.27875,1.4482758620689655,1.6578313253012047,1.171404255319149,0.5880794701986756,1.171404255319149
11,2001-Q4,1.4482758620689655,1.3588235294117648,1.6578313253012047,1.171404255319149,1.7779775280898877,1.5483870967741935,1.171404255319149,1.171404255319149,0.5880794701986756,1.6578313253012047,1.4482758620689655,1.9437948717948719,1.6578313253012047,1.171404255319149,1.27875,0.5880794701986756,0.5880794701986756,1.171404255319149,1.171404255319149,1.3588235294117648,1.6578313253012047,0.5880794701986756,1.27875,1.171404255319149,1.3588235294117648,1.171404255319149,1.6578313253012047,0.5880794701986756,1.6578313253012047,1.27875,1.171404255319149,1.6578313253012047,0.5880794701986756,1.4482758620689655,0.5880794701986756,1.27875,1.171404255319149,1.6578313253012047,0.5880794701986756,1.3588235294117648,1.5483870967741935,1.171404255319149,1.3588235294117648,0.5880794701986756,1.5483870967741935,1.27875,1.5483870967741935,1.6578313253012047,1.171404255319149,0.5880794701986756,1.27875
12,2002-Q1,1.3588235294117648,1.27875,1.6578313253012047,1.171404255319149,1.7779775280898877,1.6578313253012047,1.171404255319149,1.171404255319149,0.5880794701986756,1.6578313253012047,1.5483870967741935,1.9437948717948719,1.6578313253012047,1.171404255319149,1.27875,0.5880794701986756,0.5880794701986756,1.171404255319149,1.171404255319149,1.27875,1.6578313253012047,0.5880794701986756,1.3588235294117648,1.171404255319149,1.3588235294117648,1.171404255319149,1.5483870967741935,0.5880794701986756,1.6578313253012047,1.3588235294117648,1.171404255319149,1.5483870967741935,0.5880794701986756,1.4482758620689655,0.5880794701986756,1.27875,1.171404255319149,1.6578313253012047,0.5880794701986756,1.3588235294117648,1.5483870967741935,1.27875,1.27875,0.5880794701986756,1.5483870967741935,1.27875,1.5483870967741935,1.6578313253012047,1.171404255319149,0.5880794701986756,1.171404255319149
13,2002-Q2,1.3588235294117648,1.27875,1.5483870967741935,1.171404255319149,1.6578313253012047,1.6578313253012047,1.171404255319149,1.27875,0.5880794701986756,1.6578313253012047,1.4482758620689655,1.6578313253012047,1.5483870967741935,1.171404255319149,1.27875,0.5880794701986756,1.171404255319149,1.171404255319149,1.171404255319149,1.3588235294117648,1.7779775280898877,1.171404255319149,1.3588235294117648,1.27875,1.3588235294117648,1.171404255319149,1.5483870967741935,0.5880794701986756,1.7779775280898877,1.4482758620689655,1.27875,1.6578313253012047,0.5880794701986756,1.4482758620689655,0.5880794701986756,1.27875,1.171404255319149,1.6578313253012047,0.5880794701986756,1.3588235294117648,1.5483870967741935,1.27875,1.27875,0.5880794701986756,1.4482758620689655,1.27875,1.5483870967741935,1.6578313253012047,1.171404255319149,0.5880794701986756,1.171404255319149
14,2002-Q3,1.4482758620689655,1.27875,1.7779775280898877,1.171404255319149,1.9437948717948719,1.9437948717948719,1.27875,1.3588235294117648,0.5880794701986756,1.7779775280898877,1.6578313253012047,1.9437948717948719,1.7779775280898877,1.27875,1.3588235294117648,0.5880794701986756,1.171404255319149,1.27875,1.27875,1.4482758620689655,1.7779775280898877,1.171404255319149,1.4482758620689655,1.27875,1.4482758620689655,1.171404255319149,1.6578313253012047,0.5880794701986756,1.7779775280898877,1.5483870967741935,1.3588235294117648,1.6578313253012047,0.5880794701986756,1.5483870967741935,0.5880794701986756,1.3588235294117648,1.27875,1.7779775280898877,1.171404255319149,1.4482758620689655,1.6578313253012047,1.4482758620689655,1.4482758620689655,1.171404255319149,1.6578313253012047,1.3588235294117648,1.6578313253012047,1.9437948717948719,1.27875,1.171404255319149,1.3588235294117648
15,2002-Q4,1.4482758620689655,1.3588235294117648,1.7779775280898877,1.27875,1.9437948717948719,1.7779775280898877,1.27875,1.3588235294117648,0.5880794701986756,1.7779775280898877,1.6578313253012047,1.7779775280898877,1.7779775280898877,1.27875,1.3588235294117648,0.5880794701986756,1.171404255319149,1.27875,1.27875,1.4482758620689655,1.7779775280898877,1.171404255319149,1.4482758620689655,1.27875,1.4482758620689655,1.27875,1.6578313253012047,0.5880794701986756,1.7779775280898877,1.5483870967741935,1.3588235294117648,1.6578313253012047,0.5880794701986756,1.6578313253012047,0.5880794701986756,1.3588235294117648,1.3588235294117648,1.7779775280898877,1.171404255319149,1.4482758620689655,1.7779775280898877,1.4482758620689655,1.4482758620689655,1.171404255319149,1.6578313253012047,1.3588235294117648,1.6578313253012047,1.7779775280898877,1.27875,1.171404255319149,1.4482758620689655
16,2003-Q1,1.4482758620689655,1.3588235294117648,1.7779775280898877,1.27875,1.9437948717948719,1.9437948717948719,1.3588235294117648,1.3588235294117648,0.5880794701986756,1.7779775280898877,1.6578313253012047,1.9437948717948719,1.7779775280898877,1.3588235294117648,1.3588235294117648,0.5880794701986756,1.171404255319149,1.27875,1.27875,1.4482758620689655,1.7779775280898877,1.27875,1.4482758620689655,1.3588235294117648,1.3588235294117648,1.27875,1.6578313253012047,0.5880794701986756,1.7779775280898877,1.5483870967741935,1.4482758620689655,1.6578313253012047,0.5880794701986756,1.6578313253012047,0.5880794701986756,1.3588235294117648,1.27875,1.7779775280898877,1.171404255319149,1.4482758620689655,1.6578313253012047,1.4482758620689655,1.4482758620689655,1.171404255319149,1.6578313253012047,1.3588235294117648,1.6578313253012047,1.9437948717948719,1.27875,1.171404255319149,1.3588235294117648
17,2003-Q2,1.4482758620689655,1.3588235294117648,1.7779775280898877,1.171404255319149,1.9437948717948719,1.9437948717948719,1.3588235294117648,1.3588235294117648,0.5880794701986756,1.7779775280898877,1.6578313253012047,1.9437948717948719,1.7779775280898877,1.3588235294117648,1.3588235294117648,0.5880794701986756,1.27875,1.27875,1.27875,1.4482758620689655,1.7779775280898877,1.27875,1.4482758620689655,1.3588235294117648,1.4482758620689655,1.27875,1.6578313253012047,0.5880794701986756,1.7779775280898877,1.5483870967741935,1.3588235294117648,1.6578313253012047,0.5880794701986756,1.6578313253012047,0.5880794701986756,1.3588235294117648,1.3588235294117648,1.7779775280898877,1.171404255319149,1.4482758620689655,1.7779775280898877,1.4482758620689655,1.4482758620689655,1.171404255319149,1.6578313253012047,1.3588235294117648,1.6578313253012047,1.7779775280898877,1.27875,1.171404255319149,1.27875
18,2003-Q3,1.5483870967741935,1.4482758620689655,1.9437948717948719,1.27875,1.9437948717948719,1.9437948717948719,1.4482758620689655,1.3588235294117648,0.5880794701986756,1.9437948717948719,1.6578313253012047,1.9437948717948719,1.9437948717948719,1.3588235294117648,1.4482758620689655,1.171404255319149,1.27875,1.27875,1.3588235294117648,1.4482758620689655,1.9437948717948719,1.27875,1.5483870967741935,1.3588235294117648,1.4482758620689655,1.3588235294117648,1.6578313253012047,1.171404255319149,1.7779775280898877,1.6578313253012047,1.4482758620689655,1.7779775280898877,0.5880794701986756,1.6578313253012047,1.171404255319149,1.4482758620689655,1.3588235294117648,1.7779775280898877,1.27875,1.4482758620689655,1.7779775280898877,1.5483870967741935,1.4482758620689655,1.27875,1.7779775280898877,1.4482758620689655,1.7779775280898877,1.9437948717948719,1.27875,1.171404255319149,1.3588235294117648
19,2003-Q4,1.5483870967741935,1.5483870967741935,1.9437948717948719,1.3588235294117648,,,1.5483870967741935,1.4482758620689655,0.5880794701986756,1.9437948717948719,1.7779775280898877,1.9437948717948719,1.9437948717948719,1.4482758620689655,1.4482758620689655,1.27875,1.3588235294117648,1.3588235294117648,1.4482758620689655,1.5483870967741935,1.9437948717948719,1.4482758620689655,1.6578313253012047,1.5483870967741935,1.5483870967741935,1.4482758620689655,1.7779775280898877,1.171404255319149,1.9437948717948719,1.7779775280898877,1.5483870967741935,1.7779775280898877,1.171404255319149,1.7779775280898877,1.171404255319149,1.5483870967741935,1.4482758620689655,1.9437948717948719,1.3588235294117648,1.6578313253012047,1.9437948717948719,1.6578313253012047,1.5483870967741935,1.3588235294117648,1.9437948717948719,1.5483870967741935,1.9437948717948719,,1.4482758620689655,1.27875,1.5483870967741935
20,2004-Q1,1.5483870967741935,1.5483870967741935,1.9437948717948719,1.27875,,,1.4482758620689655,1.4482758620689655,0.5880794701986756,1.9437948717948719,1.7779775280898877,1.9437948717948719,1.9437948717948719,1.4482758620689655,1.4482758620689655,1.171404255319149,1.27875,1.3588235294117648,1.3588235294117648,1.5483870967741935,1.9437948717948719,1.4482758620689655,1.5483870967741935,1.5483870967741935,1.4482758620689655,1.4482758620689655,1.6578313253012047,1.171404255319149,1.9437948717948719,1.7779775280898877,1.5483870967741935,1.7779775280898877,1.171404255319149,1.7779775280898877,0.5880794701986756,1.4482758620689655,1.4482758620689655,1.9437948717948719,1.27875,1.6578313253012047,1.7779775280898877,1.6578313253012047,1.4482758620689655,1.27875,1.7779775280898877,1.4482758620689655,1.7779775280898877,,1.3588235294117648,1.27875,1.4482758620689655
21,2004-Q2,1.5483870967741935,1.5483870967741935,1.9437948717948719,1.27875,,,1.5483870967741935,1.3588235294117648,0.5880794701986756,1.9437948717948719,1.7779775280898877,,1.9437948717948719,1.4482758620689655,1.4482758620689655,1.27875,1.3588235294117648,1.3588235294117648,1.3588235294117648,1.6578313253012047,1.9437948717948719,1.4482758620689655,1.6578313253012047,1.5483870967741935,1.4482758620689655,1.3588235294117648,1.7779775280898877,1.27875,1.9437948717948719,1.7779775280898877,1.5483870967741935,1.7779775280898877,1.171404255319149,1.7779775280898877,0.5880794701986756,1.4482758620689655,1.3588235294117648,1.9437948717948719,1.3588235294117648,1.6578313253012047,1.9437948717948719,1.6578313253012047,1.4482758620689655,1.27875,1.7779775280898877,1.5483870967741935,1.9437948717948719,1.9437948717948719,1.3588235294117648,1.27875,1.4482758620689655
22,2004-Q3,1.5483870967741935,1.5483870967741935,1.9437948717948719,1.3588235294117648,,,1.5483870967741935,1.4482758620689655,0.5880794701986756,,1.9437948717948719,,1.9437948717948719,1.5483870967741935,1.5483870967741935,1.27875,1.3588235294117648,1.4482758620689655,1.4482758620689655,1.6578313253012047,,1.5483870967741935,1.6578313253012047,1.6578313253012047,1.4482758620689655,1.4482758620689655,1.9437948717948719,1.3588235294117648,1.9437948717948719,1.7779775280898877,1.6578313253012047,1.9437948717948719,1.171404255319149,1.7779775280898877,1.171404255319149,1.5483870967741935,1.4482758620689655,1.9437948717948719,1.3588235294117648,1.6578313253012047,1.9437948717948719,1.7779775280898877,1.4482758620689655,1.27875,1.9437948717948719,1.3588235294117648,1.9437948717948719,,1.3588235294117648,1.27875,1.4482758620689655
23,2004-Q4,1.5483870967741935,1.6578313253012047,1.9437948717948719,1.3588235294117648,,,1.5483870967741935,1.4482758620689655,0.5880794701986756,,1.9437948717948719,,1.9437948717948719,1.5483870967741935,1.5483870967741935,1.27875,1.3588235294117648,1.4482758620689655,1.4482758620689655,1.6578313253012047,,1.5483870967741935,1.6578313253012047,1.6578313253012047,1.4482758620689655,1.4482758620689655,1.9437948717948719,1.3588235294117648,1.9437948717948719,1.9437948717948719,1.6578313253012047,1.7779775280898877,1.171404255319149,1.7779775280898877,0.5880794701986756,1.5483870967741935,1.4482758620689655,1.9437948717948719,1.3588235294117648,1.7779775280898877,1.9437948717948719,1.7779775280898877,1.5483870967741935,1.27875,1.9437948717948719,1.5483870967741935,1.9437948717948719,,1.3588235294117648,1.27875,1.4482758620689655
24,2005-Q1,1.5483870967741935,1.5483870967741935,1.9437948717948719,1.3588235294117648,,,1.5483870967741935,1.4482758620689655,0.5880794701986756,,1.9437948717948719,,1.9437948717948719,1.5483870967741935,1.5483870967741935,1.27875,1.3588235294117648,1.4482758620689655,1.3588235294117648,1.6578313253012047,,1.5483870967741935,1.6578313253012047,1.6578313253012047,1.4482758620689655,1.4482758620689655,1.7779775280898877,1.3588235294117648,1.9437948717948719,1.9437948717948719,1.6578313253012047,1.7779775280898877,1.171404255319149,1.7779775280898877,0.5880794701986756,1.5483870967741935,1.4482758620689655,1.9437948717948719,1.3588235294117648,1.7779775280898877,1.9437948717948719,1.6578313253012047,1.4482758620689655,1.27875,1.9437948717948719,1.4482758620689655,1.9437948717948719,,1.27875,1.27875,1.3588235294117648
25,2005-Q2,1.5483870967741935,1.5483870967741935,1.9437948717948719,1.3588235294117648,,,1.5483870967741935,1.4482758620689655,0.5880794701986756,,1.9437948717948719,,1.9437948717948719,1.5483870967741935,1.5483870967741935,1.27875,1.3588235294117648,1.4482758620689655,1.3588235294117648,1.7779775280898877,,1.6578313253012047,1.6578313253012047,1.6578313253012047,1.4482758620689655,1.4482758620689655,1.7779775280898877,1.3588235294117648,1.9437948717948719,1.9437948717948719,1.7779775280898877,1.7779775280898877,1.171404255319149,1.7779775280898877,0.5880794701986756,1.5483870967741935,1.3588235294117648,1.9437948717948719,1.3588235294117648,1.7779775280898877,1.9437948717948719,1.7779775280898877,1.5483870967741935,1.27875,1.9437948717948719,1.5483870967741935,1.9437948717948719,,1.27875,1.3588235294117648,1.3588235294117648
26,2005-Q3,1.5483870967741935,1.5483870967741935,1.9437948717948719,1.3588235294117648,,,1.6578313253012047,1.4482758620689655,0.5880794701986756,,1.9437948717948719,,1.9437948717948719,1.6578313253012047,1.5483870967741935,1.27875,1.27875,1.3588235294117648,1.4482758620689655,1.7779775280898877,,1.6578313253012047,1.6578313253012047,1.6578313253012047,1.4482758620689655,1.4482758620689655,1.7779775280898877,1.27875,,1.9437948717948719,1.7779775280898877,1.7779775280898877,1.171404255319149,1.7779775280898877,1.171404255319149,1.5483870967741935,1.4482758620689655,1.9437948717948719,1.3588235294117648,1.7779775280898877,1.9437948717948719,1.7779775280898877,1.4482758620689655,1.27875,1.9437948717948719,1.5483870967741935,1.9437948717948719,,1.3588235294117648,1.3588235294117648,1.4482758620689655
27,2005-Q4,1.5483870967741935,1.6578313253012047,,1.4482758620689655,,,1.6578313253012047,1.4482758620689655,0.5880794701986756,,1.9437948717948719,,,1.6578313253012047,1.5483870967741935,1.3588235294117648,1.3588235294117648,1.4482758620689655,1.171404255319149,1.9437948717948719,,1.6578313253012047,1.7779775280898877,1.7779775280898877,1.3588235294117648,1.5483870967741935,1.9437948717948719,1.3588235294117648,,1.9437948717948719,1.7779775280898877,1.9437948717948719,1.27875,1.9437948717948719,1.171404255319149,1.5483870967741935,1.4482758620689655,,1.4482758620689655,1.9437948717948719,1.9437948717948719,1.7779775280898877,1.5483870967741935,1.27875,1.9437948717948719,1.6578313253012047,,,1.4482758620689655,1.4482758620689655,1.5483870967741935
28,2006-Q1,1.4482758620689655,1.5483870967741935,,1.3588235294117648,,,1.5483870967741935,1.4482758620689655,0.5880794701986756,,1.9437948717948719,,1.9437948717948719,1.5483870967741935,1.4482758620689655,1.171404255319149,1.27875,1.3588235294117648,1.171404255319149,1.7779775280898877,,1.6578313253012047,1.7779775280898877,1.7779775280898877,1.27875,1.4482758620689655,1.7779775280898877,1.27875,,1.9437948717948719,1.7779775280898877,1.7779775280898877,1.171404255319149,1.7779775280898877,0.5880794701986756,1.4482758620689655,1.27875,1.9437948717948719,1.3588235294117648,1.9437948717948719,1.9437948717948719,1.6578313253012047,1.4482758620689655,1.171404255319149,1.9437948717948719,1.4482758620689655,1.9437948717948719,,1.27875,1.3588235294117648,1.3588235294117648
29,2006-Q2,1.5483870967741935,1.6578313253012047,,1.4482758620689655,,,1.6578313253012047,1.4482758620689655,0.5880794701986756,,1.9437948717948719,,1.9437948717948719,1.6578313253012047,1.5483870967741935,1.27875,1.3588235294117648,1.4482758620689655,1.27875,1.9437948717948719,,1.6578313253012047,1.7779775280898877,1.7779775280898877,1.4482758620689655,1.5483870967741935,1.9437948717948719,1.3588235294117648,,,1.7779775280898877,1.7779775280898877,1.27875,1.7779775280898877,1.171404255319149,1.5483870967741935,1.3588235294117648,,1.4482758620689655,1.9437948717948719,1.9437948717948719,1.6578313253012047,1.5483870967741935,1.27875,1.9437948717948719,1.6578313253012047,,,1.3588235294117648,1.4482758620689655,1.3588235294117648
30,2006-Q3,1.5483870967741935,1.7779775280898877,,1.4482758620689655,,,1.7779775280898877,1.6578313253012047,0.5880794701986756,,,,,1.6578313253012047,1.5483870967741935,1.3588235294117648,1.3588235294117648,1.4482758620689655,1.3588235294117648,1.9437948717948719,,1.7779775280898877,1.7779775280898877,1.9437948717948719,1.4482758620689655,1.5483870967741935,1.9437948717948719,1.4482758620689655,,,1.9437948717948719,1.7779775280898877,1.3588235294117648,1.9437948717948719,1.171404255319149,1.5483870967741935,1.4482758620689655,,1.4482758620689655,1.9437948717948719,1.9437948717948719,1.9437948717948719,1.5483870967741935,1.27875,1.9437948717948719,1.6578313253012047,,,1.4482758620689655,1.4482758620689655,1.3588235294117648
31,2006-Q4,1.6578313253012047,1.7779775280898877,,1.4482758620689655,,,1.7779775280898877,1.6578313253012047,0.5880794701986756,,,,,1.7779775280898877,1.6578313253012047,1.3588235294117648,1.3588235294117648,1.4482758620689655,1.3588235294117648,1.9437948717948719,,1.7779775280898877,1.9437948717948719,1.9437948717948719,1.5483870967741935,1.6578313253012047,1.9437948717948719,1.4482758620689655,,,1.9437948717948719,1.9437948717948719,1.3588235294117648,1.9437948717948719,1.171404255319149,1.6578313253012047,1.4482758620689655,,1.4482758620689655,,1.9437948717948719,1.7779775280898877,1.5483870967741935,1.27875,1.9437948717948719,1.6578313253012047,,,1.4482758620689655,1.5483870967741935,1.3588235294117648
32,2007-Q1,1.5483870967741935,1.6578313253012047,,1.3588235294117648,,,1.5483870967741935,1.5483870967741935,0.5880794701986756,,1.9437948717948719,,1.9437948717948719,1.6578313253012047,1.5483870967741935,1.27875,1.27875,1.3588235294117648,1.27875,1.7779775280898877,,1.5483870967741935,1.7779775280898877,1.7779775280898877,1.4482758620689655,1.4482758620689655,1.9437948717948719,1.27875,,1.9437948717948719,1.7779775280898877,1.7779775280898877,1.171404255319149,1.7779775280898877,0.5880794701986756,1.4482758620689655,1.3588235294117648,,1.3588235294117648,1.9437948717948719,1.9437948717948719,1.5483870967741935,1.5483870967741935,1.171404255319149,1.9437948717948719,1.5483870967741935,,,1.3588235294117648,1.3588235294117648,1.27875
33,2007-Q2,1.5483870967741935,1.6578313253012047,,1.4482758620689655,,,1.6578313253012047,1.6578313253012047,0.5880794701986756,,1.9437948717948719,,,1.6578313253012047,1.5483870967741935,1.27875,1.171404255319149,1.4482758620689655,1.3588235294117648,1.7779775280898877,,1.6578313253012047,1.7779775280898877,1.7779775280898877,1.5483870967741935,1.5483870967741935,1.9437948717948719,1.3588235294117648,,1.9437948717948719,1.9437948717948719,1.7779775280898877,1.27875,1.7779775280898877,1.171404255319149,1.5483870967741935,1.3588235294117648,,1.4482758620689655,1.9437948717948719,1.9437948717948719,1.5483870967741935,1.5483870967741935,1.27875,1.9437948717948719,1.6578313253012047,,,1.3588235294117648,1.4482758620689655,1.3588235294117648
34,2007-Q3,1.6578313253012047,1.7779775280898877,,1.4482758620689655,,,1.7779775280898877,1.7779775280898877,0.5880794701986756,,,,,1.7779775280898877,1.6578313253012047,1.3588235294117648,1.3588235294117648,1.4482758620689655,1.3588235294117648,1.9437948717948719,,1.7779775280898877,1.7779775280898877,1.7779775280898877,1.5483870967741935,1.6578313253012047,1.9437948717948719,1.3588235294117648,,,1.9437948717948719,1.9437948717948719,1.3588235294117648,1.9437948717948719,1.171404255319149,1.5483870967741935,1.4482758620689655,,1.4482758620689655,,,1.5483870967741935,1.6578313253012047,1.27875,1.9437948717948719,1.6578313253012047,,,1.4482758620689655,1.4482758620689655,1.4482758620689655
35,2007-Q4,1.6578313253012047,1.9437948717948719,,1.4482758620689655,,,1.7779775280898877,1.7779775280898877,0.5880794701986756,,,,,1.7779775280898877,1.6578313253012047,1.3588235294117648,1.4482758620689655,1.5483870967741935,1.4482758620689655,1.9437948717948719,,1.7779775280898877,1.9437948717948719,1.9437948717948719,1.6578313253012047,1.6578313253012047,,1.3588235294117648,,,1.9437948717948719,1.9437948717948719,1.3588235294117648,1.9437948717948719,1.171404255319149,1.6578313253012047,1.4482758620689655,,1.5483870967741935,,,1.6578313253012047,1.6578313253012047,1.3588235294117648,,1.7779775280898877,,,1.4482758620689655,1.5483870967741935,1.4482758620689655
36,2008-Q1,1.5483870967741935,1.7779775280898877,,1.4482758620689655,,,1.6578313253012047,1.6578313253012047,0.5880794701986756,,,,,1.6578313253012047,1.5483870967741935,1.27875,1.27875,1.4482758620689655,1.3588235294117648,1.9437948717948719,,1.6578313253012047,1.7779775280898877,1.7779775280898877,1.5483870967741935,1.5483870967741935,1.9437948717948719,1.27875,,1.9437948717948719,1.9437948717948719,1.7779775280898877,1.171404255319149,1.9437948717948719,0.5880794701986756,1.5483870967741935,1.3588235294117648,,1.4482758620689655,1.9437948717948719,1.9437948717948719,1.4482758620689655,1.6578313253012047,1.27875,1.9437948717948719,1.6578313253012047,,,1.3588235294117648,1.4482758620689655,1.3588235294117648
37,2008-Q2,1.6578313253012047,1.7779775280898877,,1.4482758620689655,,,1.7779775280898877,1.7779775280898877,0.5880794701986756,,,,,1.7779775280898877,1.5483870967741935,1.3588235294117648,1.3588235294117648,1.4482758620689655,1.3588235294117648,1.9437948717948719,,1.6578313253012047,1.7779775280898877,1.7779775280898877,1.5483870967741935,1.5483870967741935,1.9437948717948719,1.3588235294117648,,,1.9437948717948719,1.9437948717948719,1.3588235294117648,1.9437948717948719,0.5880794701986756,1.5483870967741935,1.3588235294117648,,1.4482758620689655,,,1.5483870967741935,1.6578313253012047,1.27875,,1.6578313253012047,,,1.3588235294117648,1.4482758620689655,1.3588235294117648
38,2008-Q3,1.6578313253012047,1.9437948717948719,,1.5483870967741935,,,1.7779775280898877,1.7779775280898877,0.5880794701986756,,,,,1.7779775280898877,1.6578313253012047,1.3588235294117648,1.3588235294117648,1.5483870967741935,1.4482758620689655,1.9437948717948719,,1.7779775280898877,1.9437948717948719,1.7779775280898877,1.6578313253012047,1.6578313253012047,,1.3588235294117648,,,1.9437948717948719,1.9437948717948719,1.3588235294117648,1.9437948717948719,0.5880794701986756,1.6578313253012047,1.3588235294117648,,1.5483870967741935,,,1.6578313253012047,1.6578313253012047,1.3588235294117648,,1.7779775280898877,,,1.3588235294117648,1.4482758620689655,1.4482758620689655
39,2008-Q4,1.7779775280898877,1.9437948717948719,,1.5483870967741935,,,1.9437948717948719,1.9437948717948719,0.5880794701986756,,,,,1.7779775280898877,1.6578313253012047,1.3588235294117648,1.3588235294117648,1.5483870967741935,1.3588235294117648,1.9437948717948719,,1.7779775280898877,1.9437948717948719,1.9437948717948719,1.6578313253012047,1.5483870967741935,,1.4482758620689655,,,,1.9437948717948719,1.3588235294117648,1.9437948717948719,0.5880794701986756,1.6578313253012047,1.4482758620689655,,1.5483870967741935,,,1.6578313253012047,1.7779775280898877,1.3588235294117648,,1.7779775280898877,,,1.3588235294117648,1.5483870967741935,1.4482758620689655
40,2009-Q1,1.6578313253012047,1.7779775280898877,,1.4482758620689655,,,1.7779775280898877,1.7779775280898877,0.5880794701986756,,,,,1.7779775280898877,1.6578313253012047,1.3588235294117648,1.3588235294117648,1.5483870967741935,1.3588235294117648,1.9437948717948719,,1.6578313253012047,1.9437948717948719,1.7779775280898877,1.6578313253012047,1.5483870967741935,,1.3588235294117648,,,,1.9437948717948719,1.4482758620689655,1.9437948717948719,0.5880794701986756,1.6578313253012047,1.3588235294117648,,1.5483870967741935,,,1.5483870967741935,1.6578313253012047,1.27875,,1.6578313253012047,,,1.3588235294117648,1.5483870967741935,1.4482758620689655
41,2009-Q2,1.7779775280898877,1.7779775280898877,,1.4482758620689655,,,1.7779775280898877,1.9437948717948719,0.5880794701986756,,,,,1.7779775280898877,1.6578313253012047,1.3588235294117648,1.3588235294117648,1.5483870967741935,1.3588235294117648,1.9437948717948719,,1.6578313253012047,1.9437948717948719,1.7779775280898877,1.6578313253012047,1.6578313253012047,,1.3588235294117648,,,,1.9437948717948719,1.3588235294117648,1.9437948717948719,0.5880794701986756,1.6578313253012047,1.4482758620689655,,1.5483870967741935,,,1.5483870967741935,1.7779775280898877,1.3588235294117648,,1.7779775280898877,,,1.3588235294117648,1.5483870967741935,1.5483870967741935
42,2009-Q3,1.7779775280898877,1.7779775280898877,,1.5483870967741935,,,1.9437948717948719,1.9437948717948719,0.5880794701986756,,,,,1.9437948717948719,1.6578313253012047,1.4482758620689655,1.4482758620689655,1.5483870967741935,1.4482758620689655,1.9437948717948719,,1.7779775280898877,1.9437948717948719,1.9437948717948719,1.6578313253012047,1.6578313253012047,,1.4482758620689655,,,,1.9437948717948719,1.4482758620689655,,0.5880794701986756,1.6578313253012047,1.4482758620689655,,1.5483870967741935,,,1.6578313253012047,1.7779775280898877,1.3588235294117648,,1.7779775280898877,,,1.3588235294117648,1.5483870967741935,1.6578313253012047
43,2009-Q4,1.6578313253012047,1.7779775280898877,,1.4482758620689655,,,1.7779775280898877,1.9437948717948719,0.5880794701986756,,,,,1.7779775280898877,1.6578313253012047,1.4482758620689655,1.3588235294117648,1.5483870967741935,1.4482758620689655,1.9437948717948719,,1.6578313253012047,1.9437948717948719,1.7779775280898877,1.6578313253012047,1.6578313253012047,,1.3588235294117648,,,1.9437948717948719,1.9437948717948719,1.3588235294117648,1.9437948717948719,0.5880794701986756,1.6578313253012047,1.4482758620689655,,1.5483870967741935,1.9437948717948719,,1.6578313253012047,1.7779775280898877,1.3588235294117648,,1.7779775280898877,,,1.3588235294117648,1.5483870967741935,1.6578313253012047
44,2010-Q1,1.7779775280898877,1.7779775280898877,,1.4482758620689655,,,1.7779775280898877,1.9437948717948719,0.5880794701986756,,,,,1.7779775280898877,1.6578313253012047,1.3588235294117648,1.4482758620689655,1.5483870967741935,1.4482758620689655,1.9437948717948719,,1.6578313253012047,1.9437948717948719,1.7779775280898877,1.6578313253012047,1.6578313253012047,1.9437948717948719,1.3588235294117648,,,1.9437948717948719,1.9437948717948719,1.3588235294117648,1.9437948717948719,0.5880794701986756,1.6578313253012047,1.4482758620689655,,1.5483870967741935,,,1.5483870967741935,1.6578313253012047,1.27875,,1.7779775280898877,,,1.3588235294117648,1.5483870967741935,1.5483870967741935
45,2010-Q2,1.6578313253012047,1.6578313253012047,,1.4482758620689655,,,1.6578313253012047,1.7779775280898877,0.5880794701986756,,1.9437948717948719,,,1.6578313253012047,1.5483870967741935,1.3588235294117648,1.3588235294117648,1.4482758620689655,1.3588235294117648,1.9437948717948719,,1.6578313253012047,1.7779775280898877,1.7779775280898877,1.5483870967741935,1.5483870967741935,1.9437948717948719,1.3588235294117648,,1.9437948717948719,1.9437948717948719,1.7779775280898877,1.27875,1.9437948717948719,0.5880794701986756,1.5483870967741935,1.3588235294117648,,1.4482758620689655,1.9437948717948719,,1.5483870967741935,1.6578313253012047,1.27875,,1.6578313253012047,,,1.27875,1.4482758620689655,1.5483870967741935
46,2010-Q3,1.6578313253012047,1.6578313253012047,,1.3588235294117648,,,1.7779775280898877,1.7779775280898877,0.5880794701986756,,1.9437948717948719,,,1.6578313253012047,1.5483870967741935,1.3588235294117648,1.3588235294117648,1.4482758620689655,1.3588235294117648,1.9437948717948719,,1.5483870967741935,1.6578313253012047,1.7779775280898877,1.5483870967741935,1.5483870967741935,1.9437948717948719,1.27875,,1.9437948717948719,1.9437948717948719,1.7779775280898877,1.3588235294117648,1.9437948717948719,0.5880794701986756,1.5483870967741935,1.3588235294117648,,1.4482758620689655,1.9437948717948719,,1.5483870967741935,1.6578313253012047,1.27875,,1.6578313253012047,,,1.27875,1.4482758620689655,1.5483870967741935
47,2010-Q4,1.6578313253012047,1.6578313253012047,,1.3588235294117648,,,1.7779775280898877,1.7779775280898877,0.5880794701986756,,1.9437948717948719,,,1.6578313253012047,1.5483870967741935,1.3588235294117648,1.27875,1.4482758620689655,1.3588235294117648,1.9437948717948719,,1.5483870967741935,1.6578313253012047,1.6578313253012047,1.5483870967741935,1.5483870967741935,1.9437948717948719,1.27875,,1.9437948717948719,1.9437948717948719,1.7779775280898877,1.27875,1.9437948717948719,0.5880794701986756,1.4482758620689655,1.3588235294117648,,1.4482758620689655,1.9437948717948719,,1.5483870967741935,1.6578313253012047,1.27875,,1.6578313253012047,,,1.27875,1.4482758620689655,1.4482758620689655
48,2011-Q1,1.6578313253012047,1.6578313253012047,,1.3588235294117648,,,1.6578313253012047,1.6578313253012047,0.5880794701986756,,1.9437948717948719,,,1.6578313253012047,1.4482758620689655,1.3588235294117648,1.3588235294117648,1.4482758620689655,1.27875,1.9437948717948719,,1.5483870967741935,1.6578313253012047,1.6578313253012047,1.5483870967741935,1.5483870967741935,1.9437948717948719,1.27875,,1.9437948717948719,1.9437948717948719,1.7779775280898877,1.171404255319149,1.9437948717948719,0.5880794701986756,1.4482758620689655,1.3588235294117648,,1.4482758620689655,1.9437948717948719,1.9437948717948719,1.5483870967741935,1.5483870967741935,1.171404255319149,1.9437948717948719,1.6578313253012047,,,1.27875,1.4482758620689655,1.3588235294117648
49,2011-Q2,1.6578313253012047,1.6578313253012047,,1.3588235294117648,,,1.6578313253012047,1.7779775280898877,0.5880794701986756,,1.9437948717948719,,,1.5483870967741935,1.4482758620689655,1.3588235294117648,1.27875,1.3588235294117648,1.27875,1.9437948717948719,,1.4482758620689655,1.6578313253012047,1.6578313253012047,1.5483870967741935,1.4482758620689655,1.9437948717948719,1.27875,,1.9437948717948719,1.9437948717948719,1.7779775280898877,1.27875,1.9437948717948719,0.5880794701986756,1.4482758620689655,1.27875,,1.4482758620689655,1.9437948717948719,1.9437948717948719,1.5483870967741935,1.5483870967741935,1.171404255319149,1.9437948717948719,1.6578313253012047,,,1.171404255319149,1.3588235294117648,1.4482758620689655
50,2011-Q3,1.5483870967741935,1.6578313253012047,,1.3588235294117648,,,1.6578313253012047,1.6578313253012047,0.5880794701986756,,1.7779775280898877,,,1.5483870967741935,1.4482758620689655,1.27875,1.27875,1.3588235294117648,1.27875,1.9437948717948719,,1.5483870967741935,1.5483870967741935,1.5483870967741935,1.4482758620689655,1.4482758620689655,1.9437948717948719,1.27875,,1.9437948717948719,1.9437948717948719,1.7779775280898877,1.27875,1.9437948717948719,0.5880794701986756,1.4482758620689655,1.27875,,1.3588235294117648,1.9437948717948719,1.9437948717948719,1.5483870967741935,1.5483870967741935,1.171404255319149,1.9437948717948719,1.6578313253012047,,,1.171404255319149,1.3588235294117648,1.3588235294117648
51,2011-Q4,1.6578313253012047,1.4482758620689655,,1.3588235294117648,,,1.7779775280898877,1.7779775280898877,0.5880794701986756,,1.9437948717948719,,,1.6578313253012047,1.4482758620689655,1.3588235294117648,1.27875,1.4482758620689655,1.3588235294117648,1.9437948717948719,,1.5483870967741935,1.5483870967741935,1.6578313253012047,1.5483870967741935,1.4482758620689655,1.9437948717948719,1.3588235294117648,,1.9437948717948719,1.9437948717948719,1.9437948717948719,1.27875,1.9437948717948719,0.5880794701986756,1.4482758620689655,1.27875,,1.4482758620689655,1.9437948717948719,1.9437948717948719,1.5483870967741935,1.6578313253012047,1.171404255319149,1.9437948717948719,1.6578313253012047,,,1.27875,1.4482758620689655,1.4482758620689655
52,2012-Q1,1.5483870967741935,1.5483870967741935,1.9437948717948719,1.27875,,1.9437948717948719,1.5483870967741935,1.6578313253012047,0.5880794701986756,,1.6578313253012047,,1.9437948717948719,1.4482758620689655,1.3588235294117648,1.171404255319149,1.171404255319149,1.27875,1.171404255319149,1.7779775280898877,,1.4482758620689655,1.4482758620689655,1.4482758620689655,1.4482758620689655,1.3588235294117648,1.7779775280898877,1.171404255319149,1.9437948717948719,1.7779775280898877,1.7779775280898877,1.6578313253012047,1.171404255319149,1.7779775280898877,0.5880794701986756,1.3588235294117648,1.171404255319149,1.9437948717948719,1.27875,1.7779775280898877,1.9437948717948719,1.4482758620689655,1.4482758620689655,0.5880794701986756,1.7779775280898877,1.5483870967741935,1.9437948717948719,1.9437948717948719,1.171404255319149,1.27875,1.27875
53,2012-Q2,1.5483870967741935,1.5483870967741935,1.9437948717948719,1.3588235294117648,,1.9437948717948719,1.6578313253012047,1.6578313253012047,0.5880794701986756,,1.7779775280898877,,,1.4482758620689655,1.3588235294117648,1.27875,1.27875,1.3588235294117648,1.27875,1.7779775280898877,,1.4482758620689655,1.4482758620689655,1.5483870967741935,1.4482758620689655,1.4482758620689655,1.7779775280898877,1.171404255319149,1.9437948717948719,1.7779775280898877,1.9437948717948719,1.7779775280898877,1.171404255319149,1.7779775280898877,0.5880794701986756,1.3588235294117648,1.27875,1.9437948717948719,1.3588235294117648,1.7779775280898877,1.9437948717948719,1.4482758620689655,1.4482758620689655,1.171404255319149,1.9437948717948719,1.5483870967741935,1.9437948717948719,,1.171404255319149,1.3588235294117648,1.3588235294117648
54,2012-Q3,1.5483870967741935,1.6578313253012047,1.9437948717948719,1.3588235294117648,,1.9437948717948719,1.6578313253012047,1.6578313253012047,0.5880794701986756,,1.7779775280898877,,,1.4482758620689655,1.3588235294117648,1.27875,1.27875,1.3588235294117648,1.27875,1.7779775280898877,,1.4482758620689655,1.4482758620689655,1.5483870967741935,1.4482758620689655,1.4482758620689655,1.9437948717948719,1.27875,1.9437948717948719,1.9437948717948719,1.9437948717948719,1.7779775280898877,1.171404255319149,1.7779775280898877,0.5880794701986756,1.3588235294117648,1.27875,1.9437948717948719,1.3588235294117648,1.7779775280898877,1.9437948717948719,1.4482758620689655,1.4482758620689655,1.171404255319149,1.9437948717948719,1.6578313253012047,1.9437948717948719,1.9437948717948719,1.27875,1.3588235294117648,1.4482758620689655
55,2012-Q4,1.5483870967741935,1.6578313253012047,1.9437948717948719,1.3588235294117648,,1.9437948717948719,1.6578313253012047,1.6578313253012047,0.5880794701986756,,1.7779775280898877,,,1.4482758620689655,1.4482758620689655,1.27875,1.171404255319149,1.3588235294117648,1.27875,1.9437948717948719,,1.4482758620689655,1.4482758620689655,1.5483870967741935,1.4482758620689655,1.4482758620689655,1.7779775280898877,1.27875,1.9437948717948719,1.7779775280898877,1.9437948717948719,1.7779775280898877,1.171404255319149,1.7779775280898877,0.5880794701986756,1.3588235294117648,1.27875,1.9437948717948719,1.3588235294117648,1.7779775280898877,1.9437948717948719,1.4482758620689655,1.4482758620689655,1.171404255319149,1.7779775280898877,1.6578313253012047,1.9437948717948719,,1.27875,1.3588235294117648,1.3588235294117648
56,2013-Q1,1.4482758620689655,1.5483870967741935,1.7779775280898877,1.27875,1.9437948717948719,1.7779775280898877,1.5483870967741935,1.5483870967741935,0.5880794701986756,1.9437948717948719,1.5483870967741935,,1.9437948717948719,1.3588235294117648,1.27875,1.171404255319149,1.171404255319149,1.27875,1.171404255319149,1.6578313253012047,,1.3588235294117648,1.3588235294117648,1.3588235294117648,1.3588235294117648,1.27875,1.6578313253012047,1.171404255319149,1.7779775280898877,1.6578313253012047,1.6578313253012047,1.6578313253012047,1.171404255319149,1.5483870967741935,0.5880794701986756,1.171404255319149,1.171404255319149,1.7779775280898877,1.27875,1.5483870967741935,1.7779775280898877,1.27875,1.3588235294117648,0.5880794701986756,1.6578313253012047,1.4482758620689655,1.9437948717948719,1.9437948717948719,1.171404255319149,1.27875,1.27875
57,2013-Q2,1.4482758620689655,1.5483870967741935,1.7779775280898877,1.27875,,1.7779775280898877,1.5483870967741935,1.5483870967741935,0.5880794701986756,1.9437948717948719,1.5483870967741935,,1.9437948717948719,1.3588235294117648,1.27875,1.171404255319149,1.171404255319149,1.27875,1.171404255319149,1.7779775280898877,,1.3588235294117648,1.3588235294117648,1.4482758620689655,1.4482758620689655,1.3588235294117648,1.7779775280898877,1.171404255319149,1.7779775280898877,1.6578313253012047,1.7779775280898877,1.6578313253012047,0.5880794701986756,1.6578313253012047,0.5880794701986756,1.27875,1.171404255319149,1.7779775280898877,1.27875,1.6578313253012047,1.7779775280898877,1.27875,1.4482758620689655,0.5880794701986756,1.6578313253012047,1.5483870967741935,1.9437948717948719,1.9437948717948719,1.171404255319149,1.27875,1.27875
58,2013-Q3,1.5483870967741935,1.5483870967741935,1.9437948717948719,1.3588235294117648,,1.9437948717948719,1.5483870967741935,1.6578313253012047,0.5880794701986756,1.9437948717948719,1.6578313253012047,,1.9437948717948719,1.4482758620689655,1.3588235294117648,1.171404255319149,1.171404255319149,1.3588235294117648,1.27875,1.7779775280898877,,1.4482758620689655,1.3588235294117648,1.4482758620689655,1.4482758620689655,1.3588235294117648,1.7779775280898877,1.171404255319149,1.7779775280898877,1.7779775280898877,1.7779775280898877,1.6578313253012047,1.171404255319149,1.7779775280898877,0.5880794701986756,1.27875,1.171404255319149,1.9437948717948719,1.3588235294117648,1.6578313253012047,1.9437948717948719,1.3588235294117648,1.4482758620689655,0.5880794701986756,1.7779775280898877,1.5483870967741935,1.9437948717948719,1.9437948717948719,1.27875,1.27875,1.3588235294117648
59,2013-Q4,1.5483870967741935,1.6578313253012047,1.9437948717948719,1.3588235294117648,,1.9437948717948719,1.6578313253012047,1.6578313253012047,0.5880794701986756,1.9437948717948719,1.6578313253012047,,1.9437948717948719,1.4482758620689655,1.4482758620689655,1.27875,1.27875,1.3588235294117648,1.27875,1.9437948717948719,,1.4482758620689655,1.3588235294117648,1.5483870967741935,1.5483870967741935,1.4482758620689655,1.9437948717948719,1.27875,1.9437948717948719,1.7779775280898877,1.7779775280898877,1.7779775280898877,1.171404255319149,1.7779775280898877,0.5880794701986756,1.3588235294117648,1.27875,1.9437948717948719,1.4482758620689655,1.7779775280898877,1.9437948717948719,1.3588235294117648,1.4482758620689655,1.171404255319149,1.9437948717948719,1.5483870967741935,,1.9437948717948719,1.27875,1.3588235294117648,1.4482758620689655
60,2014-Q1,1.4482758620689655,1.5483870967741935,1.7779775280898877,1.27875,1.9437948717948719,1.7779775280898877,1.4482758620689655,1.5483870967741935,0.5880794701986756,1.7779775280898877,1.5483870967741935,,1.9437948717948719,1.3588235294117648,1.27875,1.171404255319149,1.171404255319149,1.27875,1.171404255319149,1.6578313253012047,,1.3588235294117648,1.27875,1.3588235294117648,1.4482758620689655,1.27875,1.7779775280898877,1.171404255319149,1.7779775280898877,1.6578313253012047,1.6578313253012047,1.6578313253012047,0.5880794701986756,1.6578313253012047,0.5880794701986756,1.171404255319149,1.171404255319149,1.7779775280898877,1.27875,1.5483870967741935,1.7779775280898877,1.27875,1.3588235294117648,0.5880794701986756,1.6578313253012047,1.5483870967741935,1.9437948717948719,1.9437948717948719,1.171404255319149,1.171404255319149,1.27875
61,2014-Q2,1.4482758620689655,1.5483870967741935,1.7779775280898877,1.27875,1.9437948717948719,1.7779775280898877,1.5483870967741935,1.5483870967741935,0.5880794701986756,1.7779775280898877,1.5483870967741935,,1.9437948717948719,1.3588235294117648,1.27875,1.171404255319149,1.171404255319149,1.27875,1.171404255319149,1.7779775280898877,,1.3588235294117648,1.27875,1.4482758620689655,1.4482758620689655,1.3588235294117648,1.7779775280898877,1.171404255319149,1.7779775280898877,1.6578313253012047,1.7779775280898877,1.6578313253012047,1.171404255319149,1.6578313253012047,0.5880794701986756,1.27875,1.171404255319149,1.7779775280898877,1.27875,1.6578313253012047,1.7779775280898877,1.27875,1.3588235294117648,0.5880794701986756,1.7779775280898877,1.5483870967741935,1.9437948717948719,1.9437948717948719,1.171404255319149,1.27875,1.3588235294117648
62,2014-Q3,1.5483870967741935,1.6578313253012047,1.9437948717948719,1.3588235294117648,1.9437948717948719,1.9437948717948719,1.5483870967741935,1.6578313253012047,0.5880794701986756,1.9437948717948719,1.5483870967741935,,1.9437948717948719,1.3588235294117648,1.3588235294117648,1.171404255319149,1.171404255319149,1.27875,1.171404255319149,1.7779775280898877,,1.3588235294117648,1.3588235294117648,1.4482758620689655,1.4482758620689655,1.3588235294117648,1.7779775280898877,1.171404255319149,1.7779775280898877,1.7779775280898877,1.7779775280898877,1.6578313253012047,0.5880794701986756,1.6578313253012047,0.5880794701986756,1.27875,1.171404255319149,1.7779775280898877,1.3588235294117648,1.6578313253012047,1.7779775280898877,1.27875,1.4482758620689655,0.5880794701986756,1.7779775280898877,1.5483870967741935,1.9437948717948719,1.9437948717948719,1.27875,1.27875,1.3588235294117648
63,2014-Q4,1.5483870967741935,1.6578313253012047,1.9437948717948719,1.3588235294117648,1.9437948717948719,1.9437948717948719,1.5483870967741935,1.6578313253012047,0.5880794701986756,1.9437948717948719,1.6578313253012047,,1.9437948717948719,1.3588235294117648,1.3588235294117648,1.171404255319149,1.171404255319149,1.3588235294117648,1.27875,1.7779775280898877,,1.3588235294117648,1.3588235294117648,1.4482758620689655,1.4482758620689655,1.3588235294117648,1.9437948717948719,1.171404255319149,1.7779775280898877,1.6578313253012047,1.7779775280898877,1.6578313253012047,1.171404255319149,1.7779775280898877,0.5880794701986756,1.27875,1.27875,1.9437948717948719,1.3588235294117648,1.6578313253012047,1.7779775280898877,1.3588235294117648,1.4482758620689655,1.171404255319149,1.7779775280898877,1.5483870967741935,,1.9437948717948719,1.27875,1.27875,1.3588235294117648
64,2015-Q1,1.4482758620689655,1.5483870967741935,1.7779775280898877,1.27875,1.9437948717948719,1.6578313253012047,1.4482758620689655,1.5483870967741935,0.5880794701986756,1.7779775280898877,1.4482758620689655,,1.7779775280898877,1.27875,1.27875,1.171404255319149,1.171404255319149,1.171404255319149,1.171404255319149,1.6578313253012047,1.9437948717948719,1.27875,1.171404255319149,1.27875,1.4482758620689655,1.27875,1.6578313253012047,1.171404255319149,1.6578313253012047,1.6578313253012047,1.6578313253012047,1.6578313253012047,0.5880794701986756,1.5483870967741935,0.5880794701986756,1.171404255319149,1.171404255319149,1.6578313253012047,1.27875,1.5483870967741935,1.6578313253012047,1.27875,1.3588235294117648,0.5880794701986756,1.6578313253012047,1.4482758620689655,1.9437948717948719,1.7779775280898877,1.171404255319149,1.171404255319149,1.27875
65,2015-Q2,1.4482758620689655,1.5483870967741935,1.7779775280898877,1.27875,1.9437948717948719,1.7779775280898877,1.4482758620689655,1.5483870967741935,0.5880794701986756,1.7779775280898877,1.5483870967741935,,1.9437948717948719,1.27875,1.27875,1.171404255319149,1.171404255319149,1.171404255319149,1.27875,1.6578313253012047,,1.27875,1.27875,1.3588235294117648,1.4482758620689655,1.27875,1.7779775280898877,1.171404255319149,1.6578313253012047,1.6578313253012047,1.6578313253012047,1.6578313253012047,0.5880794701986756,1.6578313253012047,0.5880794701986756,1.171404255319149,1.171404255319149,1.7779775280898877,1.27875,1.6578313253012047,1.7779775280898877,1.27875,1.3588235294117648,0.5880794701986756,1.6578313253012047,1.4482758620689655,1.9437948717948719,1.7779775280898877,1.27875,1.171404255319149,1.3588235294117648
66,2015-Q3,1.4482758620689655,1.6578313253012047,1.9437948717948719,1.3588235294117648,1.9437948717948719,1.7779775280898877,1.5483870967741935,1.6578313253012047,0.5880794701986756,1.7779775280898877,1.5483870967741935,,1.9437948717948719,1.27875,1.27875,1.171404255319149,1.171404255319149,1.27875,1.27875,1.7779775280898877,,1.3588235294117648,1.27875,1.3588235294117648,1.4482758620689655,1.3588235294117648,1.7779775280898877,1.171404255319149,1.7779775280898877,1.6578313253012047,1.6578313253012047,1.6578313253012047,0.5880794701986756,1.6578313253012047,0.5880794701986756,1.27875,1.27875,1.7779775280898877,1.27875,1.6578313253012047,1.7779775280898877,1.3588235294117648,1.3588235294117648,1.171404255319149,1.6578313253012047,1.5483870967741935,1.9437948717948719,1.7779775280898877,1.27875,1.27875,1.4482758620689655
67,2015-Q4,1.4482758620689655,1.6578313253012047,1.7779775280898877,1.27875,1.9437948717948719,1.7779775280898877,1.4482758620689655,1.5483870967741935,0.5880794701986756,1.7779775280898877,1.5483870967741935,,1.9437948717948719,1.27875,1.27875,1.171404255319149,1.171404255319149,1.27875,1.27875,1.6578313253012047,,1.27875,1.27875,1.3588235294117648,1.4482758620689655,1.27875,1.7779775280898877,1.171404255319149,1.7779775280898877,1.6578313253012047,1.6578313253012047,1.6578313253012047,0.5880794701986756,1.6578313253012047,0.5880794701986756,1.171404255319149,1.27875,1.7779775280898877,1.27875,1.5483870967741935,1.7779775280898877,1.27875,1.3588235294117648,1.171404255319149,1.6578313253012047,1.5483870967741935,1.9437948717948719,1.7779775280898877,1.3588235294117648,1.171404255319149,1.5483870967741935
68,2016-Q1,1.4482758620689655,1.6578313253012047,1.7779775280898877,1.27875,1.9437948717948719,1.7779775280898877,1.4482758620689655,1.6578313253012047,0.5880794701986756,1.6578313253012047,1.4482758620689655,,1.9437948717948719,1.27875,1.27875,1.171404255319149,1.171404255319149,1.171404255319149,1.27875,1.6578313253012047,1.9437948717948719,1.27875,1.171404255319149,1.3588235294117648,1.4482758620689655,1.27875,1.7779775280898877,1.171404255319149,1.6578313253012047,1.6578313253012047,1.6578313253012047,1.6578313253012047,0.5880794701986756,1.5483870967741935,0.5880794701986756,1.171404255319149,1.27875,1.6578313253012047,1.27875,1.5483870967741935,1.6578313253012047,1.27875,1.3588235294117648,1.171404255319149,1.6578313253012047,1.4482758620689655,1.9437948717948719,1.6578313253012047,1.27875,1.171404255319149,1.5483870967741935
69,2016-Q2,1.4482758620689655,1.6578313253012047,1.7779775280898877,1.27875,1.9437948717948719,1.7779775280898877,1.4482758620689655,1.5483870967741935,0.5880794701986756,1.6578313253012047,1.4482758620689655,,1.9437948717948719,1.27875,1.27875,1.171404255319149,1.171404255319149,1.171404255319149,1.3588235294117648,1.6578313253012047,1.9437948717948719,1.27875,1.27875,1.3588235294117648,1.3588235294117648,1.27875,1.7779775280898877,1.171404255319149,1.6578313253012047,1.6578313253012047,1.6578313253012047,1.6578313253012047,0.5880794701986756,1.6578313253012047,0.5880794701986756,1.171404255319149,1.27875,1.6578313253012047,1.27875,1.5483870967741935,1.6578313253012047,1.27875,1.3588235294117648,1.171404255319149,1.6578313253012047,1.5483870967741935,1.9437948717948719,1.7779775280898877,1.27875,1.171404255319149,1.5483870967741935
70,2016-Q3,1.4482758620689655,1.6578313253012047,1.7779775280898877,1.27875,1.7779775280898877,1.7779775280898877,1.4482758620689655,1.5483870967741935,0.5880794701986756,1.6578313253012047,1.4482758620689655,,1.9437948717948719,1.27875,1.27875,1.171404255319149,1.171404255319149,1.171404255319149,1.27875,1.6578313253012047,1.9437948717948719,1.27875,1.171404255319149,1.27875,1.3588235294117648,1.27875,1.7779775280898877,1.171404255319149,1.6578313253012047,1.5483870967741935,1.5483870967741935,1.6578313253012047,0.5880794701986756,1.5483870967741935,0.5880794701986756,1.171404255319149,1.27875,1.6578313253012047,1.27875,1.5483870967741935,1.6578313253012047,1.171404255319149,1.3588235294117648,1.171404255319149,1.6578313253012047,1.4482758620689655,1.9437948717948719,1.6578313253012047,1.27875,1.171404255319149,1.5483870967741935
71,2016-Q4,1.5483870967741935,1.7779775280898877,1.9437948717948719,1.3588235294117648,1.9437948717948719,1.9437948717948719,1.5483870967741935,1.6578313253012047,0.5880794701986756,1.7779775280898877,1.5483870967741935,,1.9437948717948719,1.3588235294117648,1.3588235294117648,1.27875,1.27875,1.27875,1.4482758620689655,1.7779775280898877,,1.3588235294117648,1.27875,1.4482758620689655,1.4482758620689655,1.3588235294117648,1.9437948717948719,1.171404255319149,1.7779775280898877,1.7779775280898877,1.6578313253012047,1.7779775280898877,0.5880794701986756,1.6578313253012047,0.5880794701986756,1.27875,1.3588235294117648,1.7779775280898877,1.3588235294117648,1.6578313253012047,1.7779775280898877,1.27875,1.4482758620689655,1.171404255319149,1.7779775280898877,1.5483870967741935,1.9437948717948719,1.7779775280898877,1.4482758620689655,1.27875,1.6578313253012047
72,2017-Q1,1.3588235294117648,1.6578313253012047,1.6578313253012047,1.171404255319149,1.7779775280898877,1.6578313253012047,1.4482758620689655,1.4482758620689655,0.5880794701986756,1.6578313253012047,1.3588235294117648,,1.7779775280898877,1.171404255319149,1.171404255319149,1.171404255319149,1.171404255319149,1.171404255319149,1.27875,1.5483870967741935,1.9437948717948719,1.171404255319149,1.171404255319149,1.27875,1.3588235294117648,1.171404255319149,1.7779775280898877,1.171404255319149,1.6578313253012047,1.5483870967741935,1.5483870967741935,1.5483870967741935,0.5880794701986756,1.5483870967741935,0.5880794701986756,1.171404255319149,1.171404255319149,1.6578313253012047,1.171404255319149,1.5483870967741935,1.6578313253012047,1.171404255319149,1.27875,0.5880794701986756,1.5483870967741935,1.4482758620689655,1.7779775280898877,1.6578313253012047,1.27875,1.171404255319149,1.5483870967741935
73,2017-Q2,1.4482758620689655,1.7779775280898877,1.7779775280898877,1.27875,1.7779775280898877,1.7779775280898877,1.4482758620689655,1.5483870967741935,0.5880794701986756,1.6578313253012047,1.4482758620689655,,1.9437948717948719,1.27875,1.27875,1.171404255319149,1.171404255319149,1.171404255319149,1.3588235294117648,1.6578313253012047,1.9437948717948719,1.27875,1.171404255319149,1.3588235294117648,1.4482758620689655,1.27875,1.7779775280898877,1.171404255319149,1.6578313253012047,1.6578313253012047,1.5483870967741935,1.6578313253012047,0.5880794701986756,1.5483870967741935,0.5880794701986756,1.171404255319149,1.27875,1.6578313253012047,1.27875,1.5483870967741935,1.6578313253012047,1.171404255319149,1.3588235294117648,1.171404255319149,1.6578313253012047,1.4482758620689655,1.9437948717948719,1.6578313253012047,1.3588235294117648,1.171404255319149,1.5483870967741935
74,2017-Q3,1.4482758620689655,1.6578313253012047,1.7779775280898877,1.3588235294117648,1.9437948717948719,1.7779775280898877,1.4482758620689655,1.5483870967741935,0.5880794701986756,1.7779775280898877,1.5483870967741935,,1.9437948717948719,1.27875,1.27875,1.27875,1.171404255319149,1.27875,1.4482758620689655,1.6578313253012047,1.9437948717948719,1.27875,1.27875,1.3588235294117648,1.4482758620689655,1.3588235294117648,1.9437948717948719,1.171404255319149,1.7779775280898877,1.6578313253012047,1.6578313253012047,1.6578313253012047,0.5880794701986756,1.6578313253012047,0.5880794701986756,1.171404255319149,1.27875,1.6578313253012047,1.27875,1.5483870967741935,1.7779775280898877,1.27875,1.3588235294117648,1.171404255319149,1.6578313253012047,1.4482758620689655,1.9437948717948719,1.6578313253012047,1.3588235294117648,1.171404255319149,1.6578313253012047
75,2017-Q4,1.4482758620689655,1.7779775280898877,1.9437948717948719,1.3588235294117648,1.9437948717948719,1.9437948717948719,1.5483870967741935,1.6578313253012047,0.5880794701986756,1.7779775280898877,1.5483870967741935,,1.9437948717948719,1.27875,1.27875,1.27875,1.27875,1.27875,1.4482758620689655,1.7779775280898877,,1.3588235294117648,1.27875,1.4482758620689655,1.5483870967741935,1.3588235294117648,1.9437948717948719,1.27875,1.7779775280898877,1.7779775280898877,1.6578313253012047,1.7779775280898877,0.5880794701986756,1.6578313253012047,0.5880794701986756,1.27875,1.3588235294117648,1.7779775280898877,1.3588235294117648,1.6578313253012047,1.7779775280898877,1.27875,1.4482758620689655,1.27875,1.7779775280898877,1.5483870967741935,1.9437948717948719,1.7779775280898877,1.4482758620689655,1.27875,1.6578313253012047
76,2018-Q1,1.3588235294117648,1.5483870967741935,1.6578313253012047,1.171404255319149,1.6578313253012047,1.7779775280898877,1.3588235294117648,1.4482758620689655,0.5880794701986756,1.5483870967741935,1.4482758620689655,,1.7779775280898877,1.171404255319149,1.171404255319149,1.171404255319149,0.5880794701986756,1.171404255319149,1.27875,1.5483870967741935,1.9437948717948719,1.171404255319149,1.171404255319149,1.27875,1.3588235294117648,1.171404255319149,1.7779775280898877,1.171404255319149,1.6578313253012047,1.5483870967741935,1.5483870967741935,1.5483870967741935,0.5880794701986756,1.5483870967741935,0.5880794701986756,1.171404255319149,1.171404255319149,1.6578313253012047,1.171404255319149,1.4482758620689655,1.6578313253012047,1.171404255319149,1.27875,0.5880794701986756,1.5483870967741935,1.4482758620689655,1.7779775280898877,1.5483870967741935,1.27875,1.171404255319149,1.4482758620689655
77,2018-Q2,1.3588235294117648,1.6578313253012047,1.7779775280898877,1.27875,1.7779775280898877,1.7779775280898877,1.4482758620689655,1.5483870967741935,0.5880794701986756,1.6578313253012047,1.4482758620689655,,1.9437948717948719,1.171404255319149,1.171404255319149,1.171404255319149,1.171404255319149,1.171404255319149,1.3588235294117648,1.6578313253012047,1.9437948717948719,1.27875,1.171404255319149,1.3588235294117648,1.4482758620689655,1.27875,1.7779775280898877,1.171404255319149,1.6578313253012047,1.6578313253012047,1.5483870967741935,1.6578313253012047,0.5880794701986756,1.5483870967741935,0.5880794701986756,1.171404255319149,1.27875,1.6578313253012047,1.27875,1.5483870967741935,1.7779775280898877,1.27875,1.3588235294117648,1.171404255319149,1.6578313253012047,1.4482758620689655,1.9437948717948719,1.6578313253012047,1.27875,1.171404255319149,1.5483870967741935
78,2018-Q3,1.4482758620689655,1.6578313253012047,1.7779775280898877,1.3588235294117648,1.7779775280898877,1.9437948717948719,1.4482758620689655,1.5483870967741935,0.5880794701986756,1.7779775280898877,1.5483870967741935,,1.9437948717948719,1.27875,1.27875,1.171404255319149,1.171404255319149,1.27875,1.4482758620689655,1.6578313253012047,1.9437948717948719,1.27875,1.27875,1.3588235294117648,1.4482758620689655,1.3588235294117648,1.9437948717948719,1.27875,1.7779775280898877,1.6578313253012047,1.6578313253012047,1.6578313253012047,0.5880794701986756,1.6578313253012047,0.5880794701986756,1.171404255319149,1.27875,1.6578313253012047,1.27875,1.6578313253012047,1.7779775280898877,1.27875,1.3588235294117648,1.171404255319149,1.7779775280898877,1.4482758620689655,1.9437948717948719,1.6578313253012047,1.171404255319149,1.171404255319149,1.5483870967741935
79,2018-Q4,1.4482758620689655,1.6578313253012047,1.9437948717948719,1.3588235294117648,1.7779775280898877,1.9437948717948719,1.4482758620689655,1.6578313253012047,0.5880794701986756,1.7779775280898877,1.5483870967741935,,1.9437948717948719,1.27875,1.27875,1.27875,1.171404255319149,1.27875,1.4482758620689655,1.6578313253012047,,1.3588235294117648,1.27875,1.3588235294117648,1.4482758620689655,1.27875,1.9437948717948719,1.27875,1.7779775280898877,1.7779775280898877,1.6578313253012047,1.6578313253012047,0.5880794701986756,1.6578313253012047,0.5880794701986756,1.171404255319149,1.27875,1.7779775280898877,1.27875,1.6578313253012047,1.7779775280898877,1.3588235294117648,1.3588235294117648,1.171404255319149,1.7779775280898877,1.5483870967741935,1.9437948717948719,1.6578313253012047,1.27875,1.27875,1.5483870967741935
80,2019-Q1,1.3588235294117648,1.5483870967741935,1.6578313253012047,1.171404255319149,1.6578313253012047,1.6578313253012047,1.3588235294117648,1.4482758620689655,0.5880794701986756,1.6578313253012047,1.3588235294117648,,1.7779775280898877,1.171404255319149,1.171404255319149,1.171404255319149,0.5880794701986756,1.171404255319149,1.3588235294117648,1.5483870967741935,1.9437948717948719,1.171404255319149,1.171404255319149,1.27875,1.3588235294117648,1.171404255319149,1.7779775280898877,1.171404255319149,1.6578313253012047,1.5483870967741935,1.4482758620689655,1.4482758620689655,0.5880794701986756,1.4482758620689655,0.5880794701986756,1.171404255319149,1.171404255319149,1.6578313253012047,1.171404255319149,1.4482758620689655,1.6578313253012047,1.171404255319149,1.27875,1.171404255319149,1.5483870967741935,1.3588235294117648,1.7779775280898877,1.5483870967741935,1.171404255319149,1.171404255319149,1.4482758620689655
81,2019-Q2,1.4482758620689655,1.6578313253012047,1.7779775280898877,1.27875,1.7779775280898877,1.7779775280898877,1.4482758620689655,1.5483870967741935,0.5880794701986756,1.7779775280898877,1.4482758620689655,,1.9437948717948719,1.171404255319149,1.27875,1.171404255319149,1.171404255319149,1.171404255319149,1.3588235294117648,1.6578313253012047,1.9437948717948719,1.27875,1.171404255319149,1.3588235294117648,1.4482758620689655,1.27875,1.7779775280898877,1.171404255319149,1.7779775280898877,1.6578313253012047,1.5483870967741935,1.5483870967741935,0.5880794701986756,1.5483870967741935,0.5880794701986756,1.171404255319149,1.171404255319149,1.6578313253012047,1.171404255319149,1.5483870967741935,1.7779775280898877,1.27875,1.3588235294117648,1.171404255319149,1.7779775280898877,1.4482758620689655,1.9437948717948719,1.5483870967741935,1.27875,1.171404255319149,1.5483870967741935
82,2019-Q3,1.4482758620689655,1.6578313253012047,1.7779775280898877,1.27875,1.7779775280898877,1.7779775280898877,1.4482758620689655,1.5483870967741935,0.5880794701986756,1.7779775280898877,1.5483870967741935,,1.9437948717948719,1.171404255319149,1.27875,1.171404255319149,1.171404255319149,1.27875,1.4482758620689655,1.6578313253012047,1.9437948717948719,1.27875,1.27875,1.3588235294117648,1.4482758620689655,1.27875,1.9437948717948719,1.171404255319149,1.7779775280898877,1.6578313253012047,1.5483870967741935,1.5483870967741935,0.5880794701986756,1.5483870967741935,0.5880794701986756,1.171404255319149,1.27875,1.6578313253012047,1.27875,1.6578313253012047,1.7779775280898877,1.27875,1.3588235294117648,1.171404255319149,1.7779775280898877,1.4482758620689655,1.9437948717948719,1.6578313253012047,1.27875,1.27875,1.5483870967741935
83,2019-Q4,1.4482758620689655,1.6578313253012047,1.9437948717948719,1.3588235294117648,1.7779775280898877,1.9437948717948719,1.4482758620689655,1.6578313253012047,0.5880794701986756,1.7779775280898877,1.5483870967741935,,1.9437948717948719,1.27875,1.27875,1.171404255319149,1.171404255319149,1.27875,1.4482758620689655,1.6578313253012047,1.9437948717948719,1.27875,1.27875,1.3588235294117648,1.5483870967741935,1.3588235294117648,1.9437948717948719,1.27875,1.9437948717948719,1.7779775280898877,1.6578313253012047,1.6578313253012047,0.5880794701986756,1.6578313253012047,1.171404255319149,1.171404255319149,1.27875,1.7779775280898877,1.27875,1.6578313253012047,1.7779775280898877,1.3588235294117648,1.4482758620689655,1.27875,1.7779775280898877,1.5483870967741935,1.9437948717948719,1.6578313253012047,1.3588235294117648,1.27875,1.6578313253012047
84,2020-Q1,1.3588235294117648,1.5483870967741935,1.6578313253012047,1.171404255319149,1.6578313253012047,1.6578313253012047,1.3588235294117648,1.4482758620689655,0.5880794701986756,1.6578313253012047,1.3588235294117648,,1.9437948717948719,1.171404255319149,1.171404255319149,1.171404255319149,0.5880794701986756,1.171404255319149,1.3588235294117648,1.5483870967741935,1.9437948717948719,1.171404255319149,1.171404255319149,1.27875,1.4482758620689655,1.171404255319149,1.7779775280898877,1.171404255319149,1.6578313253012047,1.5483870967741935,1.4482758620689655,1.4482758620689655,0.5880794701986756,1.4482758620689655,0.5880794701986756,1.171404255319149,1.171404255319149,1.5483870967741935,1.171404255319149,1.5483870967741935,1.6578313253012047,1.171404255319149,1.27875,1.171404255319149,1.6578313253012047,1.3588235294117648,1.7779775280898877,1.5483870967741935,1.27875,1.171404255319149,1.4482758620689655
85,2020-Q2,1.4482758620689655,1.6578313253012047,1.7779775280898877,1.27875,1.7779775280898877,1.9437948717948719,1.4482758620689655,1.6578313253012047,0.5880794701986756,1.9437948717948719,1.5483870967741935,,1.9437948717948719,1.27875,1.3588235294117648,1.171404255319149,1.171404255319149,1.27875,1.5483870967741935,1.7779775280898877,1.9437948717948719,1.3588235294117648,1.3588235294117648,1.3588235294117648,1.5483870967741935,1.3588235294117648,1.9437948717948719,1.171404255319149,,1.6578313253012047,1.6578313253012047,1.6578313253012047,0.5880794701986756,1.6578313253012047,1.171404255319149,1.27875,1.27875,1.7779775280898877,1.3588235294117648,1.6578313253012047,1.9437948717948719,1.27875,1.4482758620689655,1.27875,1.7779775280898877,1.5483870967741935,1.9437948717948719,1.6578313253012047,1.4482758620689655,1.27875,1.6578313253012047
86,2020-Q3,1.4482758620689655,1.7779775280898877,1.7779775280898877,1.3588235294117648,1.7779775280898877,1.9437948717948719,1.4482758620689655,1.6578313253012047,0.5880794701986756,1.9437948717948719,1.5483870967741935,,1.9437948717948719,1.27875,1.3588235294117648,1.171404255319149,1.171404255319149,1.27875,1.5483870967741935,1.7779775280898877,1.9437948717948719,1.3588235294117648,1.27875,1.4482758620689655,1.5483870967741935,1.3588235294117648,1.9437948717948719,1.171404255319149,1.9437948717948719,1.6578313253012047,1.6578313253012047,1.6578313253012047,0.5880794701986756,1.6578313253012047,1.171404255319149,1.171404255319149,1.27875,1.7779775280898877,1.27875,1.6578313253012047,1.9437948717948719,1.3588235294117648,1.4482758620689655,1.27875,1.7779775280898877,1.5483870967741935,1.9437948717948719,1.6578313253012047,1.4482758620689655,1.27875,1.6578313253012047
87,2020-Q4,1.3588235294117648,1.6578313253012047,1.7779775280898877,1.3588235294117648,1.6578313253012047,1.9437948717948719,1.4482758620689655,1.6578313253012047,0.5880794701986756,1.7779775280898877,1.5483870967741935,,1.9437948717948719,1.171404255319149,1.27875,1.171404255319149,1.171404255319149,1.27875,1.4482758620689655,1.6578313253012047,1.9437948717948719,1.27875,1.27875,1.3588235294117648,1.4482758620689655,1.27875,1.7779775280898877,1.171404255319149,1.9437948717948719,1.6578313253012047,1.5483870967741935,1.6578313253012047,0.5880794701986756,1.5483870967741935,1.171404255319149,1.171404255319149,1.27875,1.6578313253012047,1.27875,1.6578313253012047,1.7779775280898877,1.171404255319149,1.4482758620689655,1.27875,1.7779775280898877,1.4482758620689655,1.7779775280898877,1.6578313253012047,1.3588235294117648,1.171404255319149,1.5483870967741935
88,2021-Q1,1.3588235294117648,1.6578313253012047,1.7779775280898877,1.27875,1.5483870967741935,1.7779775280898877,1.4482758620689655,1.6578313253012047,0.5880794701986756,1.7779775280898877,1.4482758620689655,,1.9437948717948719,1.171404255319149,1.27875,1.171404255319149,1.171404255319149,1.171404255319149,1.4482758620689655,1.6578313253012047,1.9437948717948719,1.171404255319149,1.27875,1.3588235294117648,1.4482758620689655,1.27875,1.7779775280898877,1.171404255319149,1.9437948717948719,1.6578313253012047,1.4482758620689655,1.6578313253012047,0.5880794701986756,1.5483870967741935,1.171404255319149,1.171404255319149,1.27875,1.6578313253012047,1.27875,1.6578313253012047,1.7779775280898877,1.27875,1.3588235294117648,1.27875,1.6578313253012047,1.4482758620689655,1.7779775280898877,1.5483870967741935,1.3588235294117648,1.171404255319149,1.5483870967741935
89,2021-Q2,1.3588235294117648,1.6578313253012047,1.7779775280898877,1.27875,1.6578313253012047,1.7779775280898877,1.4482758620689655,1.5483870967741935,0.5880794701986756,1.7779775280898877,1.4482758620689655,,1.9437948717948719,1.171404255319149,1.27875,1.171404255319149,1.171404255319149,1.171404255319149,1.4482758620689655,1.6578313253012047,1.9437948717948719,1.171404255319149,1.27875,1.3588235294117648,1.4482758620689655,1.27875,1.7779775280898877,1.171404255319149,1.7779775280898877,1.5483870967741935,1.5483870967741935,1.6578313253012047,0.5880794701986756,1.5483870967741935,1.171404255319149,1.171404255319149,1.27875,1.6578313253012047,1.27875,1.5483870967741935,1.7779775280898877,1.27875,1.3588235294117648,1.171404255319149,1.7779775280898877,1.4482758620689655,1.7779775280898877,1.5483870967741935,1.3588235294117648,1.171404255319149,1.5483870967741935
90,2021-Q3,1.4482758620689655,1.6578313253012047,1.7779775280898877,1.27875,1.6578313253012047,1.9437948717948719,1.3588235294117648,1.5483870967741935,0.5880794701986756,1.7779775280898877,1.5483870967741935,,1.9437948717948719,1.171404255319149,1.27875,1.171404255319149,1.171404255319149,1.171404255319149,1.4482758620689655,1.6578313253012047,1.9437948717948719,1.171404255319149,1.27875,1.3588235294117648,1.4482758620689655,1.3588235294117648,1.7779775280898877,1.171404255319149,1.7779775280898877,1.6578313253012047,1.5483870967741935,1.6578313253012047,0.5880794701986756,1.5483870967741935,1.171404255319149,1.171404255319149,1.27875,1.6578313253012047,1.27875,1.6578313253012047,1.7779775280898877,1.27875,1.3588235294117648,1.27875,1.7779775280898877,1.4482758620689655,1.7779775280898877,1.6578313253012047,1.27875,1.27875,1.5483870967741935
91,2021-Q4,1.3588235294117648,1.6578313253012047,1.7779775280898877,1.27875,1.5483870967741935,1.7779775280898877,1.4482758620689655,1.5483870967741935,0.5880794701986756,1.6578313253012047,1.4482758620689655,,1.9437948717948719,1.171404255319149,1.171404255319149,1.171404255319149,1.171404255319149,1.171404255319149,1.4482758620689655,1.6578313253012047,1.9437948717948719,1.171404255319149,1.27875,1.3588235294117648,1.4482758620689655,1.27875,1.7779775280898877,1.171404255319149,1.7779775280898877,1.5483870967741935,1.5483870967741935,1.5483870967741935,0.5880794701986756,1.5483870967741935,1.171404255319149,1.171404255319149,1.27875,1.6578313253012047,1.171404255319149,1.6578313253012047,1.7779775280898877,1.27875,1.3588235294117648,1.27875,1.7779775280898877,1.4482758620689655,1.7779775280898877,1.5483870967741935,1.27875,1.171404255319149,1.5483870967741935
