agency_id,agency_lat,agency_lon
80458,25.902609,-97.500886
90614,41.809512,-87.623656
80961,39.745647,-75.548472
82697,41.06982,-80.678502
80291,36.015361,-86.507326
81150,43.442585,-70.770901
84682,42.848568,-106.295136
80441,40.739064,-73.364721
83451,39.15359,-84.549061
81758,36.139109,-86.723137
90643,,
81585,42.848378,-72.567017
80957,35.723346,-77.905352
90512,40.460292,-79.925208
80129,41.52963,-88.142423
84820,35.78004,-78.919623
90642,46.819,-95.845488
82463,40.300555,-79.542771
80193,35.735917,-81.371578
81644,42.41008,-74.619881
82430,35.18964,-114.052957
82429,32.705075,-114.612668
80437,41.02262,-73.760021
80293,35.614415,-88.821834
83154,35.614415,-88.821834
90519,42.905722,-78.887546
81044,26.678173,-80.058545
84585,40.731427,-84.102436
83463,40.080943,-75.17183
82987,32.286489,-90.207563
81377,41.810207,-71.428295
84186,45.983117,-95.966779
81653,33.985176,-118.330552
84234,30.3133,-81.734825
90294,26.683581,-80.664284
83686,42.370699,-83.073246
80318,42.370699,-83.073246
80240,42.105088,-72.596088
82533,44.923243,-92.951172
80099,41.841671,-79.163273
90641,,
90251,33.83249,-87.28199
82519,31.557939,-97.15257
90340,38.866633,-77.071099
83521,32.301643,-90.194745
81614,37.9563,-121.287995
90617,36.834991,-76.305684
84878,18.34028,-64.88556
90163,33.448468,-84.46072
84058,34.201796,-119.146663
90240,42.317172,-72.626104
90399,41.283395,-111.996572
90223,40.726365,-111.888136
80561,41.7505,-111.7994
90312,33.886369,-117.560383
90141,40.757431,-73.940609
84616,44.991674,-93.306982
80403,40.664967,-74.212894
90359,34.941529,-81.912093
80283,34.873539,-82.357709
83915,41.04432,-73.538538
81854,32.749463,-117.10192
80071,39.950138,-75.163815
80365,26.728426,-80.066219
83421,38.592822,-90.007395
80415,47.602141,-122.3144
80340,38.662175,-90.261497
80341,38.726259,-90.246563
82908,36.84999,-76.291335
80085,40.442085,-79.999241
80742,41.776492,-72.698725
80254,32.461014,-84.991833
80249,,
83500,40.748292,-74.194574
82030,26.127155,-80.177992
81686,42.323547,-71.098218
84060,38.444105,-105.183872
90584,35.949204,-83.942522
80564,32.101856,-81.149987
82525,30.778644,-85.548133
82518,29.018267,-81.22406
82502,28.296376,-81.365973
82495,30.787777,-85.666983
80041,28.822842,-82.491903
84875,29.6439,-82.3614
90489,38.894443,-76.948045
80219,38.901313,-77.003258
81961,38.86778,-76.988223
80022,35.275955,-93.130775
82746,33.515107,-86.776931
83803,33.515239,-86.777056
81257,35.068694,-106.641656
82783,38.845544,-76.997033
84980,38.914555,-77.016178
82002,41.413091,-75.659443
82778,35.073132,-89.921887
82756,43.020851,-87.922478
82852,39.923445,-75.159462
83897,38.910716,-76.926388
81470,32.716379,-117.140105
90301,33.447426,-112.05743
82310,43.091159,-75.251708
80745,39.954954,-75.163122
83553,33.944503,-83.3797
90467,42.397161,-82.954553
80065,40.038536,-76.298867
84790,44.957458,-93.182083
82985,34.691285,-90.382837
90618,36.144458,-95.907616
82759,42.735685,-73.687191
84254,25.566407,-80.384401
83474,40.733174,-74.212383
80850,33.465745,-112.051922
90613,40.0053,-85.777184
80231,39.347402,-85.479077
81223,31.151142,-81.493943
83824,31.205648,-81.478865
84934,41.70478,-87.657934
81940,38.13438,-104.022713
80350,37.271657,-79.944138
90640,34.9134,-106.6744
90202,44.300443,-92.682404
90203,44.026146,-92.478968
81930,42.986685,-71.45493
90239,40.727705,-74.0671
81010,35.584254,-80.810738
82563,40.889521,-73.355044
81348,41.857689,-87.668433
83058,32.188584,-110.970529
90063,41.291808,-73.918833
81634,41.75666,-88.312995
90652,41.877943,-87.634078
90446,39.781312,-86.123336
81076,38.539938,-90.281141
81533,38.189127,-85.802778
80989,42.3604,-71.0594
81246,43.069471,-70.772424
80377,43.15957,-77.587207
83664,40.528605,-74.274791
80477,33.625767,-83.983097
90354,38.635044,-121.430339
84432,39.468696,-80.15103
80064,40.280432,-76.890585
81056,39.411672,-77.411067
90292,40.869202,-73.843798
80049,28.1028,-81.7435
81929,40.554106,-85.660021
90555,36.165209,-86.782142
82378,36.165025,-86.782187
90579,29.914397,-93.946577
90546,40.793441,-77.85563
90612,42.790228,-86.088902
82453,35.856555,-78.700458
80232,34.920119,-81.96978
80222,38.640534,-75.612761
80203,38.376489,-75.505845
82433,42.220695,-85.868145
80230,39.483137,-77.95916
84982,32.823655,-83.649444
80202,36.588876,-79.420208
84494,35.856567,-78.700695
81689,29.711055,-95.31012
81370,27.9698,-82.749579
80061,30.451959,-84.2911
81190,30.444093,-84.259665
84813,33.67331,-112.100043
90581,47.213333,-122.483918
83787,43.061834,-76.153906
90254,37.101592,-113.590307
84318,39.631604,-106.076265
90627,39.571222,-106.081479
83890,33.73752,-84.394586
83076,36.73847,-76.568497
82204,40.792592,-73.971437
80507,36.894604,-76.182322
81844,42.149119,-77.060535
80048,27.425586,-82.536985
82186,35.774156,-80.885148
84069,27.754384,-82.64657
84308,39.9472,-75.082416
90443,29.930993,-81.333805
80321,39.317833,-76.612099
82498,29.897147,-81.319917
82447,42.110361,-72.568051
80883,42.111547,-72.559998
82240,39.803031,-89.640516
80417,47.651134,-117.376935
83756,41.731566,-87.5513
80970,41.91603,-87.726735
82945,41.479222,-81.716542
83494,35.148404,-106.639611
90421,44.185925,-93.982948
81101,43.989411,-95.756046
81344,39.698541,-105.034239
84445,31.968881,-83.782873
90078,42.324314,-83.081026
90060,39.926012,-75.230748
90047,36.696764,-78.895855
81243,37.518267,-77.447994
82567,36.169092,-115.131736
80162,44.94668,-93.092854
81350,38.534112,-76.784964
83753,34.187305,-90.584431
83739,34.526983,-90.586202
90601,34.489868,-93.087106
84020,34.74975,-92.398619
83567,35.675973,-90.522199
83852,37.974004,-81.149794
80485,46.831383,-96.800087
90167,33.490089,-80.860822
80505,37.271639,-79.946479
81066,39.286316,-76.569752
81473,41.558553,-87.669039
82352,41.796425,-87.6303
81149,42.380843,-71.098166
90505,18.397093,-66.05089
84639,27.995854,-82.438098
81447,47.070029,-109.410203
84399,41.890396,-87.714158
90059,38.2691,-78.3968
80542,38.376033,-78.261822
81404,43.548677,-96.726583
80334,38.351115,-75.584088
80097,41.210254,-80.490605
83164,34.062032,-118.286654
80409,39.893599,-75.084143
81340,36.34399,-119.385011
90098,42.3542,-83.2116
83516,38.960398,-76.912694
90201,38.960398,-76.912694
80598,44.798097,-93.511821
80519,40.686824,-76.19668
82669,35.68237,-105.961276
83418,37.341971,-121.92129
80560,34.966314,-80.077137
80558,34.936482,-79.772064
80192,35.160755,-79.424675
80559,35.357447,-79.893757
90143,37.771899,-122.423803
81472,37.73754,-122.389892
80881,38.361484,-75.607394
80302,29.805126,-91.512469
80301,30.229327,-92.022889
81326,42.122574,-80.069696
80025,41.653373,-74.689061
83907,48.535959,-117.90596
83254,47.505162,-111.300617
80003,41.93448,-74.019342
81571,46.584023,-112.041259
90229,38.83672,-104.844351
83804,35.941474,-77.794802
81233,41.130987,-73.991694
81091,40.603968,-73.752033
83458,41.51213,-90.573428
81198,36.299803,-76.220427
80856,37.949033,-122.331396
84588,41.823826,-71.413339
84834,42.24323,-88.317381
90081,41.483534,-87.678952
80191,35.828126,-78.621475
83840,33.751014,-84.35566
90625,39.311343,-76.615659
90547,30.41202,-89.028493
90483,38.347284,-81.63201
84928,36.003552,-78.89432
84768,34.95218,-81.920884
84149,33.799768,-84.217098
84624,26.800946,-80.106868
90122,25.794777,-80.32919
90471,27.905188,-82.493576
90422,26.203072,-80.163066
82039,38.046774,-84.523636
80241,42.260511,-71.83306
81281,31.309304,-92.442001
81002,42.247981,-71.001488
83117,38.296882,-77.459912
83118,38.297128,-77.459715
84311,36.060555,-95.904439
80723,41.421489,-73.678554
84291,18.449356,-66.070866
84906,40.503654,-74.274286
84236,40.488897,-74.4573
81892,41.816398,-71.455594
90293,45.561061,-122.6819
82215,35.471635,-80.601988
82950,33.432919,-82.090237
81203,37.427804,-121.915976
90620,44.962558,-93.258707
81747,41.900497,-71.087917
80351,38.78619,-77.521262
90316,38.607413,-77.294314
82550,44.933958,-93.243315
82836,40.677759,-73.95715
80016,45.531543,-122.631508
90138,45.484591,-122.795286
90161,45.568499,-122.661486
81181,18.013249,-66.6161
80870,42.862403,-112.45234
81840,,
90491,32.221441,-110.984154
81839,38.084814,-78.478272
80072,39.974034,-75.226579
82543,39.956408,-75.153826
80729,36.697252,-82.01381
90577,30.440091,-87.226347
81649,44.805402,-68.774541
81236,40.26023,-76.885666
82758,39.950805,-75.163957
90626,41.882581,-71.386884
90147,41.501332,-74.011372
90146,39.930234,-77.657416
90145,42.909603,-77.298143
90144,43.003466,-78.173349
90148,,
80902,40.190688,-85.387489
84694,40.896636,-85.522218
80404,40.91794,-74.171897
83737,47.75624,-122.344551
83501,39.930272,-75.097404
84515,29.427344,-98.520087
81143,43.318307,-76.435403
81419,32.953841,-80.042387
80845,33.748394,-117.837648
90511,33.749164,-117.838209
80597,42.530946,-75.527831
82357,44.484343,-73.222005
90420,39.97584,-75.158407
90661,33.758876,-84.387375
90655,37.045649,-88.553153
90594,36.192535,-86.791113
90417,33.120308,-117.084273
90654,33.520652,-86.808074
90416,39.299766,-76.591149
90496,33.65038,-84.449925
84856,37.774193,-122.230315
84855,33.758798,-84.387575
90630,33.695797,-84.092044
82766,33.951533,-118.164348
90178,28.552606,-81.448591
90494,35.035673,-90.023212
90495,35.099841,-89.847362
90662,38.030987,-78.478799
80013,45.519949,-123.030279
81936,48.699563,-122.912355
82411,25.901637,-80.250926
83414,18.40547,-66.054489
81118,46.789631,-92.102219
82172,35.742713,-81.689112
82711,46.612724,-120.523603
82788,40.797789,-81.947242
83467,39.993391,-83.00389
90370,41.014932,-80.76067
90367,41.638396,-83.558448
90362,41.492753,-81.597707
82787,,
90361,39.392588,-84.536821
82564,39.993231,-83.004049
81508,31.883483,-102.373232
90545,39.953365,-74.196969
81664,29.189918,-82.153002
84267,26.226371,-80.134733
82025,42.644474,-83.298403
80711,42.640899,-83.318173
84516,41.887274,-87.773437
81757,42.278467,-89.090034
81751,42.296337,-89.622672
84546,40.016319,-75.134884
80190,36.205721,-81.669186
84143,41.931235,-87.757201
82081,36.253146,-93.122758
80710,44.266352,-85.430909
80311,45.37519,-84.92224
80312,44.741891,-85.560433
84978,41.61897,-87.521203
80070,40.052363,-75.141549
81186,42.00806,-87.668734
81645,40.636154,-74.131819
90046,38.873442,-77.305302
90634,,
83991,39.082703,-84.51013
84025,45.211454,-84.995578
82748,45.663028,-97.049475
84034,45.037196,-83.46318
90001,43.301635,-91.776364
80213,39.743763,-104.960999
84536,40.23811,-103.811073
80102,48.477225,-114.004992
84135,42.042981,-88.038836
81354,34.390033,-89.507612
80255,40.775185,-74.025454
80498,41.103446,-72.361741
81465,39.342136,-91.195291
82539,46.796855,-100.752013
90188,35.967191,-78.949286
90425,34.993314,-78.92291
83903,33.594224,-101.814409
81694,39.98183,-75.135785
83720,41.516799,-81.569489
90598,39.804687,-84.32778
90450,41.43874,-81.559638
90404,33.520152,-117.166182
90599,36.195809,-115.249592
90332,32.741375,-117.04914
90600,38.409219,-121.363355
90449,33.939045,-117.244778
81627,34.00177,-118.330574
83722,41.502514,-81.667065
90527,40.617431,-74.421172
84294,33.50546,-112.036643
83854,42.271174,-71.093982
90140,34.583721,-118.139268
81771,37.747031,-122.202805
90451,30.028546,-90.044952
90336,,
90335,35.821653,-78.629548
90334,26.149163,-80.202886
90534,39.80549,-86.156435
90530,41.414729,-81.56866
90447,34.749726,-86.760378
80324,35.021068,-90.011212
90130,33.570053,-84.543646
80357,25.942212,-80.211274
90331,33.626921,-84.492012
83726,29.996221,-95.258173
90528,39.806836,-84.22341
81774,29.731413,-95.372493
90533,40.049638,-82.914006
90005,42.370774,-83.073644
90405,42.536496,-83.02827
84899,33.541526,-84.391859
90326,28.673154,-81.507909
84303,31.574834,-84.153658
84845,43.090824,-79.0427
80901,43.144612,-77.605097
90498,41.736396,-87.608565
90038,41.895489,-87.71643
81115,42.583003,-71.799187
84176,33.415044,-111.895581
81260,39.732388,-104.998862
82772,40.70744,-74.010875
84017,37.140869,-80.556395
90114,37.049978,-80.782299
90111,37.130594,-80.405609
90113,37.326832,-80.721434
90110,36.908355,-80.332751
81038,29.942325,-90.079821
82841,39.990375,-75.122654
80765,40.739768,-74.170093
84947,42.43445,-83.23925
80274,42.955426,-71.50285
81229,42.955798,-71.502278
82284,34.05982,-118.265627
81161,40.739068,-74.195811
90632,33.496146,-80.857159
80201,36.195855,-115.149855
80913,40.443239,-79.981251
83906,43.208047,-123.342561
82427,38.245252,-104.616328
81605,33.808924,-117.852226
82774,43.595851,-73.048299
80891,42.989622,-71.462812
80915,41.398777,-75.687202
81606,40.296997,-111.720913
80858,38.556706,-121.471978
80929,44.506948,-88.010426
80889,47.504354,-111.298937
81513,44.371559,-103.739129
84015,41.996928,-71.517566
80927,42.501499,-89.045205
80229,46.979045,-123.811804
84079,44.002997,-75.986098
81042,40.678552,-73.98185
90211,44.09115,-121.309372
84788,44.303826,-120.830529
84789,44.630976,-121.12957
81156,44.254833,-121.169079
80890,40.815936,-96.684742
90153,30.033405,-89.966465
90152,42.369213,-83.076332
81110,34.080336,-117.555827
80553,42.373548,-71.04049
84148,41.713738,-111.848074
90667,32.058526,-81.096864
80865,41.553907,-73.042662
81126,31.552534,-97.134552
80910,41.647815,-83.520974
82309,42.248673,-70.984773
81173,34.067913,-117.280447
80633,43.334426,-90.384599
83402,40.637435,-74.083622
84593,36.193629,-115.116319
82742,26.165137,-80.182087
84976,25.776436,-80.214915
80922,29.392211,-98.484181
90289,40.744794,-73.903899
80911,35.512581,-97.534639
83399,40.838111,-73.845082
80499,40.75416,-73.992666
80879,29.935236,-90.105393
80863,41.317485,-72.941892
81113,41.672947,-72.7919
81022,,
80914,40.338691,-75.927557
80871,41.905299,-87.66918
80892,39.938483,-75.117478
90287,40.650587,-73.950571
90296,40.682859,-73.926284
80846,33.518591,-86.810324
80880,39.312091,-76.615584
84932,43.615481,-116.223352
84527,39.952988,-83.798847
82307,29.659228,-82.331822
80077,39.728648,-75.54328
84895,44.933828,-93.084428
80706,40.608474,-105.071507
82432,43.440085,-85.939691
81328,,
83167,45.009526,-93.173355
90540,41.051456,-73.535515
84874,32.77846,-117.119549
84873,35.773887,-78.720616
80406,40.693144,-89.590713
83168,36.006091,-115.087089
84872,32.764,-96.8293
90481,,
90196,42.028399,-71.24467
82226,40.301378,-74.303212
90480,,
81528,45.570138,-122.610004
80751,38.902814,-77.045496
90466,33.90597,-84.477872
83581,42.32992,-83.04678
83442,38.688648,-75.384081
83441,39.684835,-75.735039
80570,39.168204,-75.545836
84434,38.89909,-77.033669
80759,37.746286,-122.201887
90516,32.915319,-117.120236
84475,37.700762,-122.483248
84941,,
90185,21.315471,-158.080843
90432,42.258451,-71.803216
84375,38.983347,-77.027069
84374,28.010563,-82.506108
84373,38.626689,-90.287643
84371,29.491534,-98.569032
90431,38.56323,-121.336493
90430,43.180658,-77.61387
90429,37.501735,-77.573095
84370,35.859883,-78.704644
84530,33.448039,-112.054109
84529,39.967664,-75.128151
90428,28.552259,-81.474451
84369,37.82604,-122.257685
84368,40.738934,-74.168862
84553,45.060281,-93.323403
84365,43.089766,-87.963149
84364,35.139831,-89.981143
84363,33.928836,-118.35273
84362,34.765876,-92.340663
84361,42.708482,-71.161535
84533,36.134229,-115.224974
84360,39.049305,-94.585369
84359,30.326618,-81.653248
84358,32.391766,-90.195494
84357,29.985793,-95.492509
90427,21.297665,-157.837423
84366,41.758311,-72.675468
84531,39.719711,-104.815088
84356,32.674987,-96.85737
84355,34.033996,-81.093902
84354,41.504101,-81.641031
84353,41.778357,-87.733388
84352,35.203132,-80.744152
84351,32.878429,-80.013356
84350,42.88638,-78.877492
84349,42.32271,-71.099514
84348,33.475386,-86.822852
84346,33.776979,-84.296671
84344,39.295079,-76.62041
84347,33.379711,-82.087334
84566,35.199404,-80.742765
80735,25.890174,-80.185362
80722,30.357169,-91.080238
90208,34.096262,-117.64849
84534,41.309081,-72.896423
84449,41.770305,-72.700203
82475,41.063056,-81.576935
80038,41.422377,-91.044834
90155,32.527229,-93.727003
81410,40.051884,-75.185138
90478,42.459574,-83.00952
82077,42.617948,-82.891221
84473,43.1022,-89.3025
90243,32.347653,-90.881354
81564,32.5053,-92.1132
90055,33.712532,-84.175622
82283,34.036712,-118.093298
84600,46.593091,-112.035631
83698,47.504354,-111.298937
82067,34.981874,-80.544095
80317,41.911183,-83.421734
84028,,
82593,,
82554,,
80178,36.143821,-115.281589
82645,39.944588,-74.951952
80532,39.113948,-77.156743
82636,32.775138,-117.127528
90263,29.533201,-98.563618
90536,39.464359,-119.789143
83789,33.581812,-112.109503
90261,40.814423,-74.454396
82654,34.217694,-119.096045
90608,33.935022,-84.183237
83834,40.756653,-73.986345
80513,29.940076,-90.073041
90325,25.783376,-80.299436
90259,34.741639,-92.353237
83833,40.703872,-73.798369
82423,,
82614,39.658121,-104.837635
80044,41.608629,-72.717735
81296,32.808764,-96.805428
82603,41.889745,-87.623839
90664,35.347513,-80.851707
83200,42.356247,-71.054166
82698,30.400885,-88.988317
80208,61.217961,-149.880885
80536,38.770796,-77.132425
82684,,
84752,45.445733,-122.776271
84828,33.852421,-84.36585
80084,40.407888,-79.909217
90539,44.955993,-93.135605
80838,32.314444,-90.181871
82507,32.327088,-90.195557
84137,32.283845,-90.227318
84170,35.941677,-89.918935
90280,32.327088,-90.195557
82560,37.760181,-122.419197
82238,44.971231,-93.073534
82282,31.996255,-102.079228
83675,43.828763,-84.823273
81466,29.210232,-81.07824
83419,30.451458,-91.169557
84012,40.479434,-89.01142
90517,40.880146,-88.631133
90233,42.977904,-85.630282
81939,42.730849,-84.480757
82055,42.296854,-83.838973
84188,42.399355,-83.122682
84782,42.982566,-85.063214
82234,44.019769,-84.800862
84174,39.748716,-84.189089
90587,35.204421,-89.857359
84214,40.68413,-73.968271
80008,42.090617,-75.911271
82295,33.701172,-84.397716
80990,43.025749,-83.682382
83863,40.667017,-89.635728
81011,42.645229,-71.309762
82980,30.400249,-89.014483
83415,40.012208,-89.849658
80292,35.146221,-90.053643
83460,39.916279,-75.390047
90639,43.1578,-102.8243
90605,42.426681,-82.984532
81568,42.288975,-71.063629
90306,39.214381,-76.071675
90308,39.5802,-75.8187
90307,39.5802,-75.8187
80326,38.976249,-75.80434
80221,38.894591,-76.947954
80445,40.595726,-73.769881
82370,38.973895,-77.013109
90548,39.178314,-76.850685
81227,44.315974,-69.817687
90249,31.561594,-91.403681
80131,38.889821,-90.180862
83860,39.286097,-89.887824
80625,37.414024,-79.141307
90623,34.123374,-117.300704
90389,33.871579,-117.920063
80727,43.514711,-96.718509
81415,46.78276,-92.103287
84946,44.95594,-93.130264
81432,44.161068,-94.006913
81433,45.124929,-95.021285
81434,46.363943,-94.178047
83557,44.959094,-93.265115
83980,29.961214,-90.014465
83057,38.248476,-85.777082
90456,30.402547,-91.126925
84444,29.951064,-90.0773
90535,34.366264,-89.571186
81109,34.061648,-118.31212
80904,41.467271,-82.157074
84222,41.366561,-82.106709
80443,40.781449,-73.097458
80680,40.816868,-73.253651
84247,37.009296,-86.436817
84940,25.849806,-80.193566
80703,37.944497,-86.769651
84278,36.003869,-86.591414
84537,30.476075,-90.479127
90279,39.953695,-75.153028
84773,35.825335,-80.252223
83949,46.497883,-84.348199
81703,32.331868,-86.234361
80976,20.887739,-156.502806
80973,21.449548,-158.190685
80977,21.974635,-159.366826
80978,,
80974,21.50008,-157.853592
80975,19.718214,-155.077723
80972,21.30984,-157.862883
82416,39.035521,-94.538428
81868,39.083717,-84.508297
84401,26.609091,-81.863666
83884,42.713148,-71.155647
90469,38.86461,-77.082977
82232,39.035944,-77.049975
82010,38.927655,-77.033165
81212,41.90982,-87.715403
81124,27.499314,-99.448179
90638,43.4467,-102.7145
80113,,
82538,30.232649,-92.005016
83071,41.587966,-85.828825
90649,41.682996,-85.971123
84051,40.863873,-73.630926
90501,43.009953,-88.228519
84555,40.761638,-74.188027
83736,48.756148,-122.482165
90099,33.875628,-117.924125
82557,34.056349,-118.322041
80370,38.833003,-77.210832
84045,47.236132,-93.53152
80169,35.9789,-83.910295
80983,35.975847,-83.908658
84194,41.880184,-87.754043
82169,35.167044,-78.97663
90214,29.694836,-95.126387
82130,42.662367,-77.054544
82125,37.774902,-87.111432
82124,37.327927,-87.500447
82123,36.86633,-87.488414
82126,37.079233,-88.617281
81018,36.959576,-86.448697
81213,38.177346,-84.901919
81685,44.541452,-69.635609
84484,36.920624,-83.930918
80885,42.279596,-85.587019
81462,38.643022,-90.229184
80187,35.506001,-78.336774
80316,42.507858,-83.223061
90658,42.372143,-82.945605
80296,29.965166,-90.190142
82220,31.846253,-81.59398
84951,44.375199,-98.213947
83633,37.285601,-76.733062
80057,30.334912,-81.667801
82224,30.328136,-81.659331
80899,42.436675,-76.499677
80988,40.225064,-74.765925
81385,39.743625,-75.554209
80997,39.956358,-75.206793
90182,40.027573,-75.21439
82154,30.216299,-90.920763
90056,41.023256,-75.298307
82212,,
80034,34.04625,-117.576187
90453,34.065768,-117.289923
90313,39.862397,-86.119192
80836,39.820226,-86.15229
82529,39.766692,-86.158111
80500,40.624357,-79.154999
82835,32.962837,-80.04352
82445,28.478194,-81.454927
80675,34.724871,-92.395444
84993,42.576976,-114.47958
84264,46.400544,-116.997321
84085,47.733805,-116.800569
83781,43.611048,-116.203856
84217,43.507845,-112.005338
90226,48.531996,-109.680933
83817,45.678974,-111.03699
83966,41.001451,-73.662033
83637,41.70464,-73.9251
84986,40.727874,-74.066846
90497,29.697177,-95.335375
80339,29.697165,-95.334231
82809,,
80708,37.238966,-107.877363
90079,42.560007,-84.835864
81166,43.075527,-88.010233
84998,42.727862,-87.784139
90441,39.080684,-108.49637
84061,43.009775,-88.229518
82306,26.78255,-80.08858
81327,40.005313,-75.706276
81648,40.884018,-74.558391
84325,40.752292,-73.991154
81255,36.166053,-95.991148
90300,38.662886,-90.325148
80342,38.662886,-90.325148
90435,45.417371,-122.730416
90486,38.804055,-76.98212
81510,42.034343,-87.76079
81971,41.486823,-87.050271
81941,39.745647,-75.548472
80471,32.730475,-97.336359
90644,41.027098,-80.353674
81068,40.697852,-80.29754
80354,37.542332,-77.435915
90014,39.140001,-77.183178
90013,39.179017,-77.267649
81843,38.968649,-76.953912
81985,40.866687,-73.36436
90342,26.14857,-80.203054
90504,36.07274,-79.790015
90343,26.617608,-80.180221
84470,26.029688,-80.249155
90506,26.030282,-80.24914
90154,25.473313,-80.47717
80035,32.337974,-90.211652
90031,41.179637,-73.189621
83876,41.058705,-73.53588
84754,26.191435,-81.76877
81330,41.238037,-75.873168
80216,38.921682,-77.039115
84195,36.086904,-79.77583
81103,32.767008,-97.30486
81970,45.201979,-123.168946
81795,,
84776,35.947338,-77.773872
82547,30.730838,-88.079844
81792,40.918356,-74.173225
81642,35.952035,-79.997043
82576,36.078422,-79.786705
81317,34.0264,-95.5467
80591,37.7206,-82.2028
80004,,
81407,41.650039,-70.312856
81931,36.992241,-86.448449
80757,28.463691,-81.399436
84558,40.645639,-73.976524
84339,28.033208,-82.459205
80155,39.046121,-95.692641
81711,38.937362,-95.258006
81338,,
90062,41.882089,-87.6255
82834,41.074616,-73.858963
83530,41.974484,-91.659343
84099,,
90309,34.153434,-84.817905
81406,33.765633,-84.437489
80268,37.966203,-87.566515
80279,38.733194,-86.471194
83811,46.877761,-114.018966
90524,35.080284,-106.649788
84055,35.657843,-105.992064
84879,40.423192,-86.850718
81252,47.555853,-122.283749
84949,37.273136,-107.880389
82001,39.955439,-83.097904
90058,40.821284,-74.218309
80964,28.842386,-81.683697
90580,33.751692,-117.875857
82314,38.9764,-79.8514
83631,36.845536,-76.287924
83707,42.894605,-78.83949
90204,39.286868,-76.634642
82826,38.946891,-76.862165
83943,32.833313,-83.631774
82456,42.943299,-85.667115
84177,41.532817,-81.54488
84916,33.769463,-118.193594
81069,39.411105,-76.357654
80908,39.130933,-84.499972
82457,41.608348,-93.626022
80903,43.049973,-76.161593
90631,42.199523,-72.616502
90324,26.017558,-80.204638
90666,33.467558,-86.830634
82424,40.660405,-73.645778
82152,39.999088,-75.132226
81530,42.82828,-102.990407
90538,30.003528,-91.817609
83461,36.945951,-81.088907
81278,,
81458,46.014,-112.534367
90637,,
82371,20.888112,-156.503044
82245,19.734177,-155.040928
82381,,
82582,21.316948,-157.859447
83762,21.315961,-157.861682
82367,40.827591,-73.937573
81790,40.808501,-73.9472
80331,39.536194,-76.349314
81847,39.355298,-76.558593
84780,30.304612,-89.383301
83904,,
90657,42.107896,-87.889814
90290,41.959418,-87.698635
82460,36.984259,-76.412523
80352,37.028472,-76.359386
80480,20.887035,-156.487649
83896,39.642849,-77.718647
84331,45.562715,-122.594157
82528,37.653878,-121.016459
90569,30.428561,-90.040861
90303,42.727581,-84.642516
90402,26.668583,-81.880854
90503,39.068354,-94.566548
90493,42.238416,-83.733146
90621,40.11621,-88.238442
90276,20.897878,-156.490729
90592,33.874902,-118.145526
90647,40.786826,-81.419457
90194,37.814993,-122.264578
80764,37.815156,-122.264707
90484,45.868918,-84.729108
83570,28.618464,-81.384536
82239,41.346178,-83.113274
90358,43.995959,-88.543393
84613,44.235909,-88.424358
90559,13.75,-144.8
83606,40.698929,-73.915556
84493,35.605022,-77.381915
81745,34.840245,-82.402538
82185,36.086689,-79.775971
84871,42.49606,-83.410233
84260,41.160346,-104.786091
84240,42.98905,-71.468803
83861,42.49606,-83.410233
83515,41.694683,-86.185447
83239,43.076481,-89.531846
83235,40.749404,-73.986396
83224,33.382232,-111.939614
80820,41.882325,-87.637264
80607,,
80571,42.759176,-84.487237
80574,42.381702,-83.110268
90542,39.921085,-75.002828
90541,39.953103,-75.16794
90440,35.538798,-97.591743
90070,27.944863,-82.529409
90088,30.338879,-81.548132
90093,29.485935,-98.56695
90095,39.705969,-104.933229
90134,41.234074,-96.03766
90157,39.776841,-84.0609
90168,32.839858,-83.640744
90171,36.155253,-86.765579
90348,36.165189,-115.172311
90350,32.717636,-117.156318
90351,33.859765,-117.901087
90436,46.380661,-116.995704
90398,38.908672,-76.837348
81147,38.92689,-77.032244
82771,41.781094,-87.722536
90253,40.60942,-73.938217
83902,33.434492,-112.082699
84929,40.02641,-75.13269
80599,39.068429,-94.56466
80092,42.126598,-80.083631
90628,41.627979,-93.578651
90459,38.024364,-78.483254
84293,40.890769,-74.039449
90318,48.094484,-105.638622
83151,41.968901,-87.655256
80310,42.949117,-85.649518
90236,40.026963,-75.084829
90604,35.945261,-86.80539
82032,28.81052,-81.264479
81610,44.534325,-72.004322
90274,33.855256,-84.361181
81208,33.828162,-84.340961
81543,40.123686,-75.332657
90515,43.026834,-83.684661
90000,31.781995,-106.390813
90509,33.497667,-86.793775
84557,39.314174,-76.67681
84870,40.302563,-74.303428
80624,42.254466,-73.79122
83045,38.234361,-83.502506
82487,44.650208,-73.71578
90520,36.768376,-119.781338
83797,35.226283,-90.002889
84693,36.33737,-78.409584
90186,42.589244,-72.530729
84455,30.280456,-97.718323
83879,44.899629,-68.683665
82793,,
83138,,
80078,38.694733,-75.386714
84016,38.651784,-77.306147
84156,36.150876,-80.278081
80180,36.150876,-80.278081
80185,32.833485,-96.774806
90635,42.328354,-71.081979
82046,29.775967,-95.326796
80093,39.904559,-79.725504
90611,41.684904,-87.643029
90164,31.535328,-83.843992
82911,42.330002,-83.04711
83891,34.676853,-86.576427
81626,29.965051,-90.072981
81088,42.501026,-92.366262
81285,32.270465,-110.943977
82188,41.205395,-95.96746
80556,41.281362,-95.947024
81537,41.258562,-95.850895
80776,30.327655,-81.657039
80444,40.725301,-73.608169
90591,31.123758,-97.718002
82265,34.061575,-118.302002
82134,41.708066,-81.26688
90151,33.822342,-118.18954
84249,33.8326,-116.546778
84250,33.917329,-117.245825
83810,33.980578,-117.381332
80399,40.882321,-74.043739
81234,41.071816,-81.520056
84852,37.975565,-122.522751
82472,40.494212,-74.303222
84897,40.016188,-75.134692
90384,38.731146,-88.082555
90385,38.729486,-87.684808
90386,38.990867,-88.16851
90383,39.615108,-87.695685
90382,39.798285,-88.288533
90379,39.249,-88.165407
90381,39.005671,-87.750536
90648,39.479259,-88.374966
90380,39.500571,-88.193229
90378,39.33315,-87.88256
81514,35.910085,-79.064333
84345,41.493068,-81.599867
82770,39.247248,-88.16851
81154,31.770822,-106.468187
90551,41.445249,-82.136938
82273,47.580068,-122.312122
80139,37.675436,-122.079834
81409,42.317863,-71.116641
81643,40.765901,-73.016023
82549,,
82531,42.493824,-90.776642
90115,36.339477,-82.380636
83625,29.724663,-95.45735
82198,34.040805,-118.203236
83865,41.056892,-81.491146
80840,35.183235,-80.88992
80347,45.355142,-122.608841
84821,44.943454,-123.031363
90461,44.046353,-123.023059
90460,44.563416,-123.260947
80523,41.858957,-88.084686
90607,39.25753,-76.522641
90216,38.380061,-86.918992
80763,39.309462,-76.636088
80548,44.198688,-72.501988
84681,39.537558,-104.88157
90544,36.01515,-86.507635
84922,39.352891,-76.75634
81332,39.932575,-75.181131
81431,46.854158,-113.997617
80704,45.780313,-108.509849
81924,35.779321,-78.638001
80295,29.996304,-90.074604
84336,39.736554,-105.034002
80000,42.188091,-74.999882
81341,39.738986,-105.02878
90606,43.661612,-116.334648
90299,27.179916,-80.240922
90119,42.489269,-76.489109
90117,26.302854,-80.152222
83926,36.567543,-79.385417
83139,34.76854,-84.971495
81704,32.803802,-96.835764
90291,32.777235,-96.85626
82825,44.831679,-93.156534
90311,31.253459,-90.472095
82794,33.630985,-84.356719
90360,34.071115,-117.923854
90393,37.189198,-77.366984
84495,,
90392,28.538311,-81.369332
80626,40.685993,-73.881264
90514,40.203374,-77.189059
84050,25.769613,-80.214921
84320,33.484447,-81.992891
90374,41.530013,-88.074957
90458,32.792257,-116.965974
90585,35.947049,-85.029213
90590,47.656425,-117.42146
84701,33.998426,-117.339645
90589,33.44839,-112.073999
90273,32.663461,-117.104671
81005,33.747288,-116.987836
82722,33.998409,-117.339645
90523,26.398371,-80.100867
83526,35.385939,-94.422998
83528,36.3656,-94.215
83525,36.129344,-94.143028
80366,40.334185,-75.143383
82734,40.144461,-74.820514
84252,40.209974,-75.012661
90347,29.77582,-95.337754
81768,29.775781,-95.33684
83706,26.724708,-80.083986
81063,42.497303,-71.125101
83170,41.241571,-96.024318
82478,41.241543,-96.024099
83208,33.502037,-111.919625
90668,41.250297,-95.851937
80676,39.070159,-94.57893
80017,35.327904,-94.418922
81033,39.760451,-84.19446
80398,40.880027,-74.044135
82428,21.337765,-158.055183
84885,43.654264,-90.858165
84909,18.47083,-66.715622
84562,38.948358,-77.330878
90048,41.506432,-87.593059
84676,35.827878,-78.633662
83569,28.59774,-81.360033
90109,42.045294,-88.294066
80934,42.315488,-88.465063
80158,37.69662,-97.341494
80156,38.837948,-97.623531
80726,44.109141,-103.207941
90302,39.196717,-76.814803
80181,35.593071,-82.558562
81555,27.900068,-82.712859
81557,,
90224,40.815941,-74.218531
84804,26.136055,-80.225281
84327,39.993085,-75.135158
84053,44.948356,-93.263907
90120,39.354488,-76.686739
82308,38.065248,-84.476089
81226,33.107629,-90.052772
90408,27.437825,-82.449638
82272,36.185363,-115.260291
81128,39.095215,-94.413123
80199,33.196376,-87.544691
81850,42.490871,-71.087419
80118,41.686642,-88.075108
83558,34.741,-92.270465
82127,39.82929,-105.034566
84080,41.772405,-72.670699
90660,,
90080,39.959563,-76.720808
90490,42.274605,-87.951311
80284,40.632595,-73.973251
80887,44.957453,-93.126596
83584,35.223811,-80.836739
83942,28.802271,-81.729777
83941,28.809777,-81.266983
83940,29.647023,-81.634565
83939,29.233992,-81.055194
83938,29.17264,-82.087041
83937,28.298968,-81.403768
83936,28.837067,-82.333986
83934,28.552972,-81.376839
82190,39.840669,-88.95608
90027,,
80421,41.488014,-81.597759
90543,35.918275,-86.876255
81925,37.138973,-80.409558
83978,39.104055,-94.644991
90165,42.598027,-83.170889
84847,40.767858,-73.007079
84846,41.029671,-73.762604
81271,28.167585,-80.673864
83454,37.955515,-122.367193
84811,36.809319,-119.839172
90297,35.929582,-79.029629
84272,42.87591,-70.870241
83828,47.657763,-117.425209
90371,47.566629,-122.626899
84781,35.585371,-80.808277
81196,30.415967,-87.220159
81135,36.396494,-97.880106
82135,40.733697,-111.87679
81232,40.858368,-73.085378
83488,40.667879,-73.587336
83237,45.318411,-118.076275
81580,44.2146,-70.521
90549,40.800504,-81.373775
80228,40.223278,-111.662098
90582,36.336123,-95.611535
82407,37.969216,-87.566433
90218,40.13748,-87.396363
80198,34.778693,-86.617484
83123,34.480256,-87.272178
83122,34.178175,-86.842169
82231,34.574669,-86.98475
80096,41.231778,-80.505663
80662,44.938911,-93.391702
80482,48.228938,-101.263326
90537,30.389866,-88.521173
83674,42.791134,-86.074167
81337,40.610767,-75.355485
82159,38.707088,-90.361311
81015,35.439568,-97.518776
80197,34.818646,-87.658139
83248,34.486437,-87.734056
83246,34.76291,-87.696344
84987,40.786234,-80.772279
84543,41.91269,-84.619964
84544,41.886196,-84.041019
83679,42.23439,-84.415431
81611,37.603837,-77.545378
90222,36.935103,-82.62561
90220,37.269778,-79.95235
90553,37.224725,-77.408494
90552,37.081745,-76.466284
80068,41.238011,-75.873143
84147,32.488754,-114.77691
83901,39.971175,-82.980026
80842,40.020516,-82.918255
82221,32.457109,-84.9885
82396,39.726827,-104.998403
84269,42.290915,-71.07188
80985,43.917036,-69.964054
90248,30.389736,-89.108503
90322,33.716545,-116.234062
82934,36.280421,-83.517014
84591,35.290608,-81.554945
90619,27.971779,-82.798879
90205,40.03773,-75.120921
90659,34.237949,-77.945971
90573,44.962099,-89.626419
80142,38.357775,-122.001488
84755,27.947392,-82.456795
84535,41.675184,-86.252875
80999,29.409879,-98.500805
83808,30.15706,-85.660554
80304,42.588125,-87.819538
90510,35.262914,-81.185524
90217,41.60386,-87.336893
83888,43.315877,-76.418522
90554,34.196933,-79.770945
90602,42.358949,-71.059042
80266,39.169534,-86.536335
81141,39.710151,-104.812043
80260,31.575041,-84.153471
82171,36.284215,-77.281173
80841,41.507858,-81.669487
84280,29.711991,-95.5541
84378,41.855163,-87.634422
81146,36.866637,-76.287488
80395,34.796071,-96.680051
81705,32.240896,-110.978294
80039,33.434096,-112.07376
84911,36.233365,-115.161693
80103,41.812751,-87.623136
90550,40.687025,-73.821675
84629,40.748005,-73.888627
81540,39.848134,-75.359652
84144,42.390252,-71.035274
80371,42.098786,-79.227479
80372,42.469281,-79.318654
83070,42.253289,-79.506212
82128,35.037874,-85.313468
83853,35.793,-79.3996
81616,35.203726,-80.755079
81469,32.799451,-80.019034
82483,40.406304,-80.589449
81587,44.474707,-73.214614
84792,34.271496,-118.7651
82500,28.598616,-81.304387
90394,38.970555,-76.916143
90395,38.8677,-77.152609
80604,38.970555,-76.916143
90396,42.707271,-71.164567
90624,38.930676,-76.970633
82271,25.43516,-80.492429
84908,36.062976,-79.080146
83627,38.313644,-77.470227
80650,40.566857,-74.608782
90407,40.795816,-73.206718
80275,42.377058,-83.0954
90665,42.045126,-87.883683
90150,40.034158,-75.172667
80262,42.497602,-96.406714
82177,33.891415,-84.286475
90284,40.705326,-74.011241
80087,41.639831,-80.154012
83565,30.669935,-88.118227
81238,41.916542,-87.713288
80053,31.277147,-92.470356
90442,39.981816,-75.135692
80105,41.885556,-87.641901
81981,41.865391,-87.778395
80110,41.609915,-87.65301
83816,41.509493,-87.632399
84087,39.599431,-75.786268
82951,35.784211,-78.691464
83883,32.472215,-84.970217
90002,32.436469,-80.709064
84700,32.449836,-81.797918
84699,31.844966,-81.59175
82943,,
80245,39.279704,-81.54162
83533,37.186546,-93.262552
81735,42.336393,-122.861217
84612,43.810038,-91.25008
84611,43.423952,-88.182771
84610,43.777145,-88.447678
84609,43.765304,-87.712947
84625,43.153084,-77.575069
90149,28.444528,-81.429153
90181,18.444482,-66.066185
80509,,
80644,42.488452,-92.348929
81453,30.652099,-88.155032
83380,43.712509,-98.024076
83379,44.297507,-96.768259
83381,44.890071,-97.092444
83382,42.878323,-97.396488
83378,45.459055,-98.486438
81452,35.825335,-80.252223
81425,36.091799,-79.429843
81413,36.069904,-79.783219
81416,35.974936,-80.019935
82106,40.092703,-75.137028
82105,40.020361,-75.651421
82101,39.966465,-75.284915
82100,39.921254,-75.002383
80941,39.953103,-75.16794
82103,40.032937,-75.035589
90054,39.75102,-75.570046
84607,35.715222,-81.336501
82242,42.864262,-78.755842
83864,44.363444,-98.213551
81032,41.681086,-71.187721
82249,32.211405,-110.970254
81903,42.091002,-76.804975
81105,38.474551,-122.737843
81629,39.048072,-84.502119
90286,,
90285,37.087537,-94.50896
81131,41.105868,-80.654242
90518,45.497664,-122.638222
90629,45.623971,-122.60348
81395,29.588902,-90.718772
90020,40.720589,-74.186104
82144,33.899136,-84.29402
81189,37.137652,-93.289919
80212,38.276322,-104.612113
90319,30.103906,-94.136121
81394,27.956284,-82.794129
90670,32.492846,-93.748838
81392,36.863959,-76.400592
90022,32.82222,-96.863703
90042,28.569238,-81.31065
90465,38.572328,-92.190653
80434,41.869604,-80.782061
84577,46.592863,-120.579242
80822,45.549755,-94.188379
84578,44.489151,-88.025145
90019,39.923361,-75.090056
84574,40.591533,-75.456163
81612,43.771092,-91.218441
84049,38.927413,-77.034116
84886,41.480982,-72.802101
90388,42.746335,-84.559888
82170,34.25568,-77.945817
80146,37.351843,-85.337928
90288,41.101417,-73.807938
81323,42.082146,-72.593188
81848,30.249756,-93.193158
80125,39.410927,-88.806989
81966,39.599545,-88.606301
81968,,
81964,38.960545,-89.096345
81963,39.122322,-88.554039
80120,39.105498,-88.547162
83190,39.547215,-89.296405
81962,38.667381,-88.497203
90603,44.991335,-93.307746
80373,42.888886,-78.87263
80744,40.226612,-75.049593
90669,30.648152,-96.362309
82867,34.056668,-78.159796
80586,,
80211,39.749892,-105.058864
80736,40.67455,-73.963035
80188,41.077693,-85.137139
83997,41.811899,-87.70751
80145,39.087551,-84.494989
84492,27.941926,-82.731977
90277,42.338261,-83.13432
80835,41.174653,-73.195622
90572,35.468318,-79.170208
84164,31.306079,-89.309397
84322,41.464324,-81.515242
90468,40.036813,-105.281855
80101,40.170471,-80.249162
90191,42.97893,-82.468029
90219,40.136021,-97.178243
83626,38.918877,-78.191734
82153,40.505261,-78.408087
84638,44.069806,-103.159154
81499,46.268919,-114.15791
81062,42.874,-77.4294
81061,43.102235,-77.527727
80196,33.511197,-86.817229
90633,45.518188,-122.989622
81120,38.697268,-90.278359
81640,38.662464,-90.274601
80024,42.811875,-73.93666
82095,42.450194,-73.253378
80062,40.335422,-75.925082
83619,42.8988,-73.203251
83618,43.60548,-72.98349
81769,42.934231,-78.844179
84215,39.324114,-76.569999
90645,40.680042,-73.946109
90121,32.435756,-80.679377
82723,32.742281,-96.824313
81070,30.271162,-97.738778
81661,40.03052,-76.306159
81721,38.46759,-122.728753
80646,37.793779,-122.397219
90242,37.974764,-122.031424
90199,37.974674,-122.031113
81144,43.658812,-70.260038
81789,29.79264,-95.361198
81507,30.226427,-97.768305
82791,33.774729,-84.293844
84881,33.961828,-83.385258
84799,29.973489,-92.132305
84798,30.223329,-92.657883
84801,30.209337,-92.371119
82402,39.983101,-75.144262
81235,41.50631,-81.662461
90344,41.07538,-81.495358
82197,37.778011,-122.412451
83961,42.348478,-71.063217
83908,40.714396,-73.992576
83909,40.756441,-73.83308
81851,38.974513,-76.560006
84091,47.517441,-92.534535
83641,46.696311,-68.012065
83335,41.262153,-80.783665
82716,38.023281,-84.540859
83345,39.129766,-84.479003
80944,36.173919,-86.762514
83313,38.219905,-85.542444
83328,41.316547,-81.653796
80937,40.003469,-82.857721
84404,40.827453,-81.366197
83334,41.028216,-80.662747
81467,37.667334,-82.77536
81266,34.261539,-85.175157
90434,36.6456,-82.6419
81092,45.131964,-93.239892
80319,38.976408,-76.502425
84617,47.566615,-122.626655
84525,40.86715,-73.32201
81684,40.117524,-75.343049
82426,42.358378,-71.241159
90190,42.419036,-83.212522
81566,42.347402,-71.150204
84342,35.086366,-80.854376
83459,42.224861,-78.030458
80029,42.643609,-73.964745
83406,42.4725,-73.8068
80576,32.637388,-85.464844
82542,41.751392,-87.579741
81346,44.968759,-93.244556
81074,45.529077,-122.645677
82773,44.299681,-71.768327
80173,36.191287,-86.795572
81405,42.658026,-73.75812
90317,33.615788,-117.706822
90356,40.028001,-75.059034
82324,39.969261,-75.16001
90482,39.992572,-74.173791
82133,40.224647,-74.079958
80020,26.199796,-98.235837
90596,35.476373,-82.999339
90597,26.583134,-81.875277
81174,26.583134,-81.875277
83367,40.475649,-78.402031
80080,40.429232,-79.970717
80785,41.315,-75.771
83372,40.3287,-79.54
81518,40.220173,-76.98441
84819,26.062887,-80.231979
81809,33.540015,-112.183478
81052,32.242724,-110.909869
84715,43.048796,-87.943187
81188,40.441699,-79.996546
84865,42.353003,-71.061053
83831,42.707743,-71.153176
83967,37.72012,-75.667646
82063,41.896472,-87.631884
80015,42.368578,-122.862092
82754,37.472098,-122.133378
80790,42.442494,-83.283286
81524,36.182869,-86.748984
90409,37.657544,-122.113467
90377,26.457421,-80.095865
