index,Alabama,Alaska,Arizona,Arkansas,California,Colorado,Connecticut,Delaware,District of Columbia,Florida,Georgia,Hawaii,Idaho,Illinois,Indiana,Iowa,Kansas,Kentucky,Louisiana,Maine,Maryland,Massachusetts,Michigan,Minnesota,Mississippi,Missouri,Montana,Nebraska,Nevada,New Hampshire,New Jersey,New Mexico,New York,North Carolina,North Dakota,Ohio,Oklahoma,Oregon,Pennsylvania,Rhode Island,South Carolina,South Dakota,Tennessee,Texas,Utah,Vermont,Virginia,Washington,West Virginia,Wisconsin,Wyoming
2005-01-01,51900.9,12597.5,73549.2,29689.5,552430.7999999999,72280.56666666667,67329.03333333334,17044.899999999998,27866.066666666666,230029.56666666665,127749.7,18633.333333333332,15832.333333333334,194105.06666666665,81287.36666666667,40743.6,34918.86666666667,46989.26666666666,64168.666666666664,15441.4,84987.09999999999,112089.36666666665,132960.46666666667,80325.46666666666,26827.066666666666,74728.16666666667,10093.266666666666,24241.033333333336,37281.03333333333,18740.7,142455.13333333333,24223.033333333336,330951.43333333335,116683.93333333333,8147.400000000001,153549.66666666666,40449.933333333334,47254.166666666664,166935.80000000002,14410.166666666666,47692.13333333333,10289.133333333333,75776.73333333334,322835.06666666665,30551.966666666664,7817.366666666666,116292.23333333334,95849.2,17315.8,74532.09999999999,8608.466666666667
2005-04-01,52699.23333333334,13066.233333333332,75184.2,29943.033333333336,560113.3333333334,73148.76666666666,68032.59999999999,16720.766666666666,28246.600000000002,232903.0,128985.40000000001,18952.666666666668,16108.033333333333,195282.06666666665,82374.56666666667,40940.26666666667,35093.0,47978.13333333333,66108.03333333334,15593.9,86424.16666666667,112986.0,133684.30000000002,81064.03333333334,27014.466666666664,75629.3,10131.4,24602.833333333332,38721.666666666664,18927.433333333334,144091.06666666668,24494.566666666666,335859.3,117076.90000000001,8197.933333333332,155333.9,41259.03333333333,47431.86666666667,169152.86666666667,14719.433333333334,48151.833333333336,10249.5,76465.53333333334,325260.0333333333,31198.966666666664,7807.066666666667,118527.63333333335,97438.73333333334,17692.633333333335,75334.93333333333,8984.033333333333
2005-07-01,53079.166666666664,13635.066666666666,77162.36666666667,30354.100000000002,571978.3666666667,74405.96666666666,68451.40000000001,16808.533333333333,28414.166666666668,238638.56666666665,130160.8,19253.100000000002,16449.100000000002,197893.66666666666,83419.16666666667,41438.166666666664,35521.833333333336,48866.833333333336,67148.06666666667,15742.066666666666,88571.63333333335,114973.0,133274.86666666667,83056.43333333333,27449.266666666666,76384.16666666667,10325.199999999999,25023.86666666667,39043.03333333333,19092.233333333334,146694.06666666668,24677.600000000002,341056.89999999997,119190.06666666667,8231.233333333334,157661.19999999998,42245.4,48053.299999999996,172186.19999999998,14856.533333333333,48697.56666666667,10352.0,77895.03333333334,333798.39999999997,32169.63333333333,7882.599999999999,120877.59999999999,97820.16666666667,17908.566666666666,76747.90000000001,9262.6
2005-10-01,54116.46666666667,14509.966666666667,77992.13333333333,31197.033333333336,580224.7000000001,74543.0,69806.5,18963.8,28630.0,239564.66666666666,132487.66666666666,19653.466666666667,16467.600000000002,199135.0,83812.86666666667,41132.53333333333,35168.03333333333,49513.86666666667,68701.5,15994.033333333333,89483.8,115942.53333333333,133772.16666666666,82728.13333333333,28640.533333333336,77220.03333333334,10617.833333333334,25551.533333333336,39842.5,19176.5,147742.0,25153.36666666667,346849.10000000003,121008.7,8356.766666666666,158644.06666666668,42821.1,48604.36666666667,174033.66666666666,15179.366666666667,49330.03333333333,10439.199999999999,78707.36666666667,345109.76666666666,33219.6,7971.133333333334,121728.83333333333,100459.86666666665,18406.333333333332,76447.66666666667,9913.266666666666
2006-01-01,54640.799999999996,14425.633333333333,80128.33333333333,31458.533333333336,596547.0,76588.03333333334,72632.3,18136.399999999998,28992.833333333332,245449.80000000002,133009.4,19827.933333333334,16870.966666666667,205011.2666666667,85201.73333333334,41911.63333333333,37352.1,50462.53333333333,68563.59999999999,16129.366666666667,90032.26666666666,117708.56666666667,133141.33333333334,83343.56666666667,28277.166666666668,77834.09999999999,10717.833333333334,25560.233333333334,40952.63333333333,19548.066666666666,149654.53333333333,25635.966666666664,355265.6666666667,126948.56666666667,8578.866666666667,159049.13333333333,46997.53333333333,50409.799999999996,173133.26666666666,15238.4,50440.56666666667,10618.5,79856.63333333333,357099.2,34276.86666666667,8106.599999999999,124266.76666666666,102650.2,18662.399999999998,78102.3,10252.533333333333
2006-04-01,55353.36666666667,15005.533333333333,80946.63333333333,32089.5,599002.2000000001,76785.46666666666,72733.13333333333,18579.733333333334,29172.533333333336,248125.7666666667,134389.03333333333,20144.333333333332,17097.666666666668,207163.83333333334,86093.36666666667,42498.933333333334,37902.933333333334,51179.73333333334,69377.46666666666,16341.166666666666,90822.26666666666,119275.59999999999,134195.66666666666,84632.0,28951.36666666667,79075.83333333333,10938.533333333333,26629.033333333336,41942.833333333336,19683.066666666666,152862.86666666667,25793.13333333333,356608.73333333334,128908.03333333333,8812.233333333334,160842.43333333332,45556.43333333333,50662.63333333333,176029.1,15752.333333333334,50932.93333333333,10781.066666666668,81188.96666666666,365428.8666666667,35122.1,8104.266666666666,125099.96666666667,103792.5,18975.933333333334,78887.90000000001,10785.733333333334
2006-07-01,55808.96666666667,15233.466666666667,82598.63333333333,32156.100000000002,606737.2000000001,78382.59999999999,73186.46666666666,18508.666666666668,29750.233333333334,250931.0,136047.13333333333,20479.433333333334,16943.899999999998,208583.9,86950.09999999999,42630.799999999996,38094.96666666667,51424.0,69655.0,16402.100000000002,91870.09999999999,119536.13333333335,134316.43333333332,83917.46666666666,29268.8,78927.36666666667,11205.866666666667,26293.933333333334,42103.833333333336,20011.399999999998,152978.46666666667,25968.13333333333,357023.8333333333,129663.66666666667,8888.366666666667,161644.33333333334,45414.23333333334,51477.6,178665.19999999998,16041.666666666666,51364.36666666667,10860.666666666666,81378.86666666667,371372.26666666666,35904.96666666667,8136.166666666667,125821.7,105188.09999999999,19159.266666666666,79629.5,11262.800000000001
2006-10-01,56155.56666666667,15460.833333333334,84268.96666666666,32129.36666666667,613993.5666666667,78439.53333333334,74472.66666666667,18341.033333333333,29584.433333333334,256191.9,137908.6,20676.933333333334,17255.166666666668,211564.93333333335,87891.83333333333,43487.066666666666,38772.53333333333,51478.333333333336,69435.59999999999,16521.3,92802.46666666667,122506.36666666665,134171.86666666667,84501.53333333334,29635.266666666666,79344.0,11359.233333333332,26601.899999999998,42798.4,20780.166666666668,154628.33333333334,26083.3,364641.2,131179.80000000002,9054.733333333334,162114.86666666667,45280.5,52240.799999999996,180537.83333333334,15906.766666666668,52125.76666666666,10892.4,82354.03333333334,377029.8666666667,36745.76666666667,8095.0,126459.23333333334,107389.5,19215.733333333334,80139.40000000001,11352.699999999999
2007-01-01,56663.833333333336,15701.333333333334,85334.86666666667,31836.899999999998,618603.7999999999,80174.23333333334,77593.66666666667,18678.266666666666,30356.36666666667,257340.9,137169.66666666666,20882.966666666667,17601.333333333332,213632.9,88784.5,44706.23333333334,40351.36666666667,51467.86666666667,67171.5,16550.366666666665,92697.63333333335,123336.36666666665,136760.96666666667,85442.06666666667,29835.8,79339.86666666667,11792.266666666668,27541.100000000002,43147.13333333333,20265.7,154581.1,26275.3,379911.8666666667,133321.19999999998,9352.9,164579.6,46425.13333333333,51868.63333333333,183619.83333333334,15951.300000000001,52810.23333333334,11558.933333333334,81251.73333333334,383126.3666666667,37051.299999999996,8119.966666666667,128306.16666666667,109187.0,19327.066666666666,81064.13333333333,11659.766666666668
2007-04-01,57494.23333333334,16471.933333333334,86661.96666666666,32362.833333333332,627997.6333333333,82042.76666666666,78126.09999999999,19233.399999999998,30722.266666666666,260075.2666666667,139128.23333333334,21115.066666666666,17791.899999999998,215762.1,90931.90000000001,45988.200000000004,41137.5,52222.200000000004,67609.3,16836.466666666667,94167.83333333333,125009.7,137149.53333333333,87391.43333333333,30030.233333333334,81162.09999999999,12052.9,27740.600000000002,43435.299999999996,20822.600000000002,157775.93333333332,26820.100000000002,370469.6333333333,133457.4,9555.733333333334,165602.23333333334,48009.46666666667,52646.76666666666,186414.63333333333,15758.033333333333,53982.73333333334,11698.199999999999,82371.8,396231.3666666667,38286.166666666664,8224.066666666668,129588.46666666667,112974.3,19703.100000000002,81743.5,12193.533333333333
2007-07-01,58156.26666666666,16740.833333333332,88192.06666666667,32669.933333333334,636952.8666666667,83369.8,78676.8,18869.866666666665,31921.933333333334,263576.7,141037.56666666668,21630.899999999998,18045.833333333332,217473.03333333333,92009.86666666665,46420.9,41533.566666666666,52528.53333333333,67726.13333333333,16949.033333333333,94567.13333333335,127206.40000000001,137462.76666666666,87863.2,30699.433333333334,82149.5,12139.766666666668,27921.8,44012.73333333334,20595.566666666666,158941.30000000002,27239.533333333336,371629.4666666666,133582.06666666668,9765.6,166745.26666666666,49400.43333333333,53737.0,190629.06666666665,15769.199999999999,54889.333333333336,11665.199999999999,83318.56666666667,400372.06666666665,38615.03333333333,8339.566666666668,131731.63333333333,115777.26666666666,19934.633333333335,82470.90000000001,12390.4
2007-10-01,58319.26666666666,17197.566666666666,88333.73333333334,34305.86666666667,648315.0333333333,85675.23333333334,78324.33333333333,18702.233333333334,32046.666666666668,262623.8333333333,142139.53333333333,21922.566666666666,18473.600000000002,219992.13333333333,92953.09999999999,46791.56666666667,42149.200000000004,53332.96666666667,68214.40000000001,16943.2,95854.83333333333,129139.63333333335,134780.56666666668,88720.8,31023.066666666666,83123.59999999999,12326.066666666666,28576.266666666666,44899.299999999996,20692.3,161858.83333333334,27398.13333333333,370497.7,134960.56666666668,10093.0,166754.86666666667,50501.06666666667,54527.833333333336,193778.83333333334,15642.5,55312.833333333336,11841.666666666666,84647.76666666666,408394.3,39132.066666666666,8380.0,132640.19999999998,118093.73333333334,20066.466666666667,82507.43333333333,13024.0
2008-01-01,58169.36666666667,17621.100000000002,88183.3,32831.73333333333,640194.1,85319.0,82489.16666666667,18491.966666666667,32834.86666666667,258066.66666666666,138873.43333333332,21869.7,18467.833333333332,216996.19999999998,92600.43333333333,46359.700000000004,42687.76666666667,53264.53333333333,69351.09999999999,16918.0,97186.8,129803.06666666667,132259.76666666666,88929.93333333333,31160.766666666666,83214.63333333333,12392.5,28460.233333333334,43943.36666666667,20706.233333333334,165147.53333333333,27518.63333333333,375144.73333333334,138586.1,10409.766666666666,166855.86666666667,51631.666666666664,54637.56666666667,193999.06666666665,15763.033333333333,54538.13333333333,12506.033333333333,84410.06666666667,409648.89999999997,38719.299999999996,8606.666666666666,132666.76666666666,116734.5,20108.399999999998,81846.73333333334,13567.699999999999
2008-04-01,58594.333333333336,18761.366666666665,88453.66666666667,33526.63333333333,654767.7000000001,87209.66666666667,81187.53333333334,18577.399999999998,32979.23333333333,256536.7333333333,139549.96666666667,22035.666666666668,18889.8,218916.2333333333,92516.53333333333,46179.4,43342.26666666667,53955.93333333333,71649.53333333334,16925.233333333334,98437.59999999999,131155.96666666667,131187.5,88980.53333333333,31757.666666666668,84840.33333333333,12520.199999999999,28959.066666666666,43664.066666666666,20612.0,165752.30000000002,28430.63333333333,371167.93333333335,139633.0,10635.0,167587.13333333333,54882.5,55224.36666666667,197461.56666666665,15709.266666666668,54878.26666666666,12344.566666666666,84797.09999999999,421311.56666666665,39540.13333333333,8646.0,134545.03333333333,118058.43333333333,20888.233333333334,82337.56666666667,14751.866666666667
2008-07-01,58597.0,19247.133333333335,88110.43333333333,33595.86666666667,658691.4,87472.03333333333,79074.63333333333,18603.233333333334,33325.333333333336,254141.1,139765.93333333332,21903.166666666668,18982.133333333335,220227.06666666665,92077.63333333335,45829.666666666664,43262.86666666667,53478.6,72352.46666666666,16963.3,98980.46666666667,130514.33333333333,129262.46666666667,90402.93333333333,31787.13333333333,84163.40000000001,12534.266666666668,28805.066666666666,43777.799999999996,20586.666666666668,166505.06666666668,28653.333333333332,374278.5,140835.93333333332,10845.300000000001,166539.9,55006.53333333333,55492.799999999996,197443.03333333333,15709.266666666668,54933.43333333333,12199.233333333332,85496.90000000001,421652.39999999997,39538.23333333333,8717.9,136250.16666666666,120038.46666666667,21352.2,82666.40000000001,14908.133333333333
2008-10-01,57341.03333333333,17867.033333333333,85820.66666666667,32988.13333333333,639273.9333333333,85161.59999999999,75831.09999999999,18273.8,33522.566666666666,249044.19999999998,136980.83333333334,21762.366666666665,18594.600000000002,216737.13333333333,90190.33333333333,45029.166666666664,42179.53333333333,52479.36666666667,69836.76666666666,16811.066666666666,99262.06666666667,129564.5,127851.5,88247.43333333333,31313.733333333334,86509.33333333333,12186.233333333332,27946.233333333334,42760.799999999996,20362.066666666666,164231.33333333334,28315.233333333334,368196.89999999997,139336.19999999998,10609.199999999999,161576.33333333334,52830.9,54545.86666666667,195129.16666666666,15855.033333333333,54165.06666666667,11754.233333333332,84285.2,406446.9666666666,38440.9,8695.1,136051.23333333334,118227.36666666665,21244.233333333334,82235.33333333333,13864.699999999999
2009-01-01,56775.56666666667,16934.766666666666,83251.3,33185.066666666666,636937.8666666667,84262.06666666667,78188.8,19188.0,33147.53333333333,246683.86666666667,136299.43333333332,21579.033333333333,18243.366666666665,215379.63333333333,86881.23333333334,44858.73333333334,41586.53333333333,52030.56666666667,68393.36666666667,16771.733333333334,98557.23333333334,129449.36666666665,121137.83333333333,86869.5,30864.166666666668,84196.63333333333,12065.833333333334,28749.933333333334,41465.0,20520.533333333333,161214.9,27614.833333333332,371765.73333333334,134256.5,10591.1,161873.93333333332,49561.06666666667,53929.36666666667,192454.96666666667,15659.633333333333,53857.4,11986.6,84183.66666666667,391320.60000000003,38282.03333333333,8630.233333333334,135394.66666666666,116474.76666666666,21196.366666666665,81132.76666666666,12808.9
2009-04-01,56746.4,16529.399999999998,81720.26666666666,31988.399999999998,627219.4,82791.40000000001,77412.66666666667,19399.733333333334,33488.96666666667,244123.96666666667,136366.73333333334,21520.899999999998,17834.433333333334,215497.6,86493.73333333334,45118.4,41485.299999999996,51715.833333333336,67186.76666666666,16940.3,99130.59999999999,129329.8,122215.46666666667,86744.56666666667,30601.266666666666,83948.0,11931.833333333334,28531.566666666666,40596.5,20536.966666666667,159468.06666666668,27204.0,386513.23333333334,135726.46666666667,10550.9,159487.56666666668,48292.03333333333,52995.6,192119.4,15806.666666666666,53535.93333333333,12063.333333333334,83753.09999999999,384475.8,37836.63333333333,8600.066666666668,136452.43333333332,116639.23333333334,21051.166666666668,81794.3,11949.533333333333
2009-07-01,56991.1,16324.566666666666,81127.26666666666,32211.566666666666,625335.1,83535.40000000001,77418.23333333334,19453.033333333333,33467.86666666667,243365.69999999998,136383.66666666666,21396.233333333334,17961.7,216380.96666666667,87453.66666666667,45787.833333333336,41648.200000000004,52408.6,67973.63333333333,17146.166666666668,99845.2,130223.73333333334,122927.59999999999,87043.59999999999,30406.0,84553.7,12090.1,28883.2,40247.4,21119.566666666666,160670.46666666667,27374.733333333334,390990.8666666667,137982.46666666667,10810.266666666666,160050.03333333333,48783.166666666664,52923.56666666667,193293.83333333334,15985.1,53816.46666666667,12209.966666666667,83765.33333333333,387599.56666666665,37813.36666666667,8712.1,137153.96666666667,116653.2,21056.733333333334,82714.76666666666,11751.699999999999
2009-10-01,57394.76666666666,16821.633333333335,82466.93333333333,32625.833333333332,630728.7999999999,84381.36666666667,78034.56666666667,19092.133333333335,33823.666666666664,246387.7666666667,137071.23333333334,21570.133333333335,18045.899999999998,219225.46666666667,90273.76666666666,46761.166666666664,42411.86666666667,53818.1,69655.43333333333,17306.899999999998,101270.56666666667,131670.19999999998,125364.13333333335,88794.26666666666,30518.2,85058.56666666667,12162.566666666666,29662.533333333336,40527.23333333333,21186.733333333334,161925.03333333333,27755.13333333333,397505.23333333334,140242.30000000002,11015.733333333332,161629.9,48874.5,52961.23333333334,198324.86666666667,16151.5,54541.53333333333,12317.300000000001,84741.63333333333,396080.89999999997,38048.53333333333,8856.5,138955.53333333333,118559.53333333333,21496.666666666668,83971.46666666666,11825.833333333334
2010-01-01,57592.76666666666,17301.266666666666,81863.26666666666,32761.533333333336,639689.6666666666,84646.7,77571.8,19432.7,34495.46666666667,245020.4,137266.33333333334,21857.899999999998,18316.766666666666,217507.83333333334,91578.63333333335,46478.166666666664,41529.799999999996,53785.76666666666,72949.16666666667,17244.833333333332,102665.93333333333,133514.80000000002,125241.93333333333,88710.33333333333,30840.0,85932.53333333334,12607.133333333333,29620.333333333332,40756.86666666667,21119.100000000002,163275.16666666666,27856.733333333334,404093.7,137920.46666666667,11365.4,162792.06666666668,50054.73333333334,54418.333333333336,196963.16666666666,16190.133333333333,54362.46666666667,12231.033333333333,85084.63333333333,407754.5333333334,38794.5,8918.266666666666,139568.9,118757.56666666667,21523.433333333334,83644.33333333333,12479.833333333334
2010-04-01,58618.53333333333,17640.833333333332,83261.0,33710.6,645969.3666666667,85124.43333333333,78530.40000000001,19136.833333333332,35340.76666666667,248224.83333333334,138355.06666666668,22099.8,18371.533333333333,220980.69999999998,93809.43333333333,47286.76666666666,42401.63333333333,55250.76666666666,74695.06666666667,17411.866666666665,104350.23333333334,136234.36666666667,129645.43333333333,90355.66666666667,31289.933333333334,86541.06666666667,12665.9,30455.3,41378.86666666667,21731.766666666666,163839.76666666666,27867.966666666664,413143.93333333335,139346.4,11724.466666666667,165611.5,51141.76666666666,54271.5,200375.13333333333,16448.8,55154.1,12375.966666666667,85594.3,410672.8,38939.9,9108.6,142154.19999999998,121620.73333333334,21761.166666666668,84872.3,12416.0
2010-07-01,59933.799999999996,17967.833333333332,84285.83333333333,34327.9,651087.1666666666,86317.76666666666,78683.23333333334,19336.533333333333,35597.833333333336,250597.4,139872.06666666668,22500.433333333334,18609.366666666665,224204.63333333333,95345.06666666667,47653.23333333334,43375.86666666667,56297.0,76346.96666666666,17558.833333333332,105374.33333333333,138819.06666666668,132679.53333333333,91978.36666666665,31579.533333333336,86918.16666666667,12808.533333333333,30828.36666666667,41904.799999999996,21782.0,165084.36666666667,28121.666666666668,408377.76666666666,140123.5,12029.833333333334,168488.76666666666,51959.1,54914.1,203526.13333333333,16627.033333333333,55580.333333333336,12811.5,86011.66666666667,417580.3,39744.666666666664,9252.733333333334,143346.53333333333,122927.3,22350.63333333333,86095.46666666666,12620.4
2010-10-01,60187.1,18198.866666666665,85460.63333333333,34515.333333333336,668710.7333333333,88311.43333333333,78147.90000000001,19645.3,36095.1,252062.56666666665,141961.56666666668,22705.833333333332,18819.066666666666,225846.63333333333,96016.40000000001,48227.06666666667,44147.833333333336,56544.700000000004,76420.7,17459.399999999998,107247.23333333334,139613.23333333334,132490.4,94597.40000000001,31548.033333333336,87029.73333333334,13033.166666666666,31178.033333333336,42185.36666666667,21825.233333333334,164817.23333333334,28969.033333333336,405757.5,142646.4,12448.5,170461.46666666667,52561.0,55245.63333333333,205451.30000000002,16691.833333333332,56049.76666666666,13051.466666666667,87010.66666666667,425271.60000000003,40747.333333333336,9262.533333333333,144253.56666666668,124024.73333333334,22362.966666666664,87298.43333333333,12724.733333333332
2011-01-01,60166.43333333333,18164.066666666666,85458.2,34672.23333333333,669202.9333333333,88049.16666666667,76612.40000000001,20045.066666666666,36190.23333333333,248922.33333333334,142225.33333333334,22807.2,18756.333333333332,226985.2666666667,95819.26666666666,48259.03333333333,44385.833333333336,56044.166666666664,75694.43333333333,17389.933333333334,107044.40000000001,138100.1,133001.96666666667,93781.66666666667,31492.566666666666,86224.53333333334,13383.233333333332,32852.63333333333,41884.53333333333,21577.433333333334,162599.9,28328.13333333333,415259.73333333334,142293.9,12858.266666666668,171958.46666666667,52899.299999999996,56471.63333333333,203506.7333333333,16346.366666666667,56421.833333333336,13515.333333333334,87682.2,434528.76666666666,41078.200000000004,9262.766666666666,143342.56666666668,124667.43333333333,22291.466666666664,87119.63333333333,12926.966666666667
2011-04-01,60896.46666666667,19019.7,86311.43333333333,35118.46666666667,674066.2333333333,88954.26666666666,77890.26666666666,20346.166666666668,36553.166666666664,252205.43333333335,142967.83333333334,22878.36666666667,18919.366666666665,230074.9,96635.63333333335,48878.833333333336,45574.03333333333,56801.166666666664,76458.09999999999,17416.866666666665,108617.86666666665,143045.30000000002,133204.26666666666,96118.13333333335,31843.533333333336,87042.73333333334,13594.4,33078.4,42855.36666666667,22022.733333333334,164713.13333333333,29050.033333333336,413324.3333333333,144729.66666666666,13462.699999999999,174554.06666666668,55087.666666666664,56712.299999999996,207372.6,16843.533333333333,57446.1,13794.833333333334,89333.7,446748.3333333333,41887.03333333333,9420.033333333333,144523.69999999998,125683.93333333333,23142.399999999998,88249.5,13347.0
2011-07-01,61670.56666666667,19034.066666666666,87157.5,35400.799999999996,675677.5666666667,89443.53333333333,77940.43333333333,20746.0,36817.23333333333,251853.86666666667,144547.23333333334,23004.63333333333,19032.366666666665,231772.83333333334,97399.06666666667,49753.5,45864.43333333333,57352.76666666666,76531.40000000001,17508.966666666667,109431.46666666667,141852.26666666666,134624.30000000002,96067.40000000001,32216.899999999998,87653.36666666665,13698.866666666667,33267.46666666667,42660.1,22087.63333333333,165747.86666666667,29180.333333333332,414796.76666666666,144101.6,14027.233333333332,177302.4,56319.96666666667,56666.26666666666,209815.06666666665,16836.2,57548.5,13996.366666666667,90653.8,449519.3666666667,42103.46666666667,9473.9,145534.19999999998,126540.33333333333,23284.733333333334,89591.56666666667,13259.266666666668
2011-10-01,62488.700000000004,19644.0,88960.5,35832.63333333333,679053.3333333334,90241.09999999999,78435.23333333334,20692.399999999998,36746.53333333333,254005.03333333333,145798.13333333333,23421.63333333333,19213.399999999998,235008.06666666665,98620.83333333333,51078.799999999996,45987.53333333333,58584.43333333333,77909.36666666667,17784.866666666665,109947.90000000001,144366.30000000002,138575.73333333334,96751.93333333333,32737.7,88502.13333333335,13983.6,34029.63333333333,42837.166666666664,22516.399999999998,168226.86666666667,29525.266666666666,420093.5333333334,144505.13333333333,15102.0,180438.33333333334,57340.833333333336,57657.666666666664,212398.56666666665,16915.366666666665,58017.03333333333,14549.566666666666,92082.63333333335,457649.3666666667,42351.26666666667,9734.833333333334,146839.9,129208.06666666667,23593.5,90191.76666666666,13468.6
2012-01-01,62808.200000000004,19499.8,89691.36666666665,36002.166666666664,693253.1666666666,91204.7,79590.8,21109.933333333334,36988.799999999996,256745.53333333333,147333.66666666666,23618.433333333334,19195.666666666668,240337.1,99341.2,52077.53333333333,48288.166666666664,58901.63333333333,78921.26666666666,17817.833333333332,110763.96666666667,145440.16666666666,139205.0,98397.36666666665,33479.4,89889.53333333333,14064.699999999999,33644.73333333333,43116.566666666666,22439.8,171085.03333333333,29391.333333333332,430671.5333333334,147630.06666666668,16240.5,179751.93333333335,57983.4,58117.13333333333,213861.43333333335,17092.533333333333,58956.166666666664,14736.233333333332,93747.16666666667,465835.1666666667,43026.53333333333,9684.566666666668,147190.80000000002,131803.5,23574.533333333336,91822.66666666667,13260.9
2012-04-01,63351.03333333333,19550.966666666667,90534.96666666667,36183.299999999996,698247.3666666667,92012.16666666667,80242.7,20875.399999999998,37449.299999999996,257994.0,148923.30000000002,23955.433333333334,19388.3,242586.16666666666,100447.3,53155.86666666667,47727.26666666666,59500.76666666666,79376.83333333333,18050.533333333333,110315.56666666667,147521.4,140606.13333333333,99004.06666666667,33666.96666666667,90468.40000000001,14006.199999999999,34372.799999999996,43124.4,22688.13333333333,171629.69999999998,29592.5,439708.76666666666,147305.5,17189.899999999998,182074.36666666667,58168.76666666666,58394.799999999996,215885.4,17207.7,59112.73333333334,14772.666666666666,95635.06666666667,469067.8666666667,43011.666666666664,9863.833333333334,148258.93333333332,133315.0,23639.433333333334,92515.40000000001,13072.1
2012-07-01,63009.06666666667,19433.966666666667,90544.53333333333,36222.63333333333,706051.5,92291.26666666666,80470.56666666667,20753.733333333334,37561.666666666664,261331.5,150145.66666666666,24136.7,19605.366666666665,243066.06666666665,100855.90000000001,53355.53333333333,46468.700000000004,59684.03333333333,78133.93333333333,17964.366666666665,111513.86666666665,148752.6,141748.36666666667,100038.16666666667,33579.433333333334,90623.36666666665,14143.466666666667,34267.333333333336,43180.9,22946.600000000002,174092.0,29238.966666666664,446464.1666666667,149320.1,17674.100000000002,183063.30000000002,58086.799999999996,58520.4,217548.96666666667,17256.466666666667,59416.0,14125.4,95808.40000000001,474008.23333333334,43008.6,9793.300000000001,149533.56666666668,134884.19999999998,23360.86666666667,92434.73333333334,12738.199999999999
2012-10-01,63159.06666666667,19226.8,91149.16666666667,36248.03333333333,719909.9,93589.36666666665,80911.86666666667,20400.433333333334,37542.86666666667,261989.03333333333,150616.93333333332,24163.13333333333,19575.933333333334,242542.80000000002,100040.8,52795.56666666667,46606.799999999996,59438.5,77414.23333333334,17740.2,110771.26666666666,148841.73333333334,142028.76666666666,100331.46666666667,33205.46666666667,91065.56666666667,14240.1,34683.066666666666,42995.36666666667,23256.233333333334,172787.69999999998,29010.833333333332,454133.5333333334,149204.76666666666,18005.566666666666,182763.93333333335,58926.93333333333,57782.26666666666,216605.33333333334,17220.666666666668,59339.333333333336,14901.033333333333,96597.96666666667,485995.56666666665,43636.53333333333,9646.633333333333,149648.19999999998,134038.06666666668,23188.100000000002,92703.33333333333,12736.0
2013-01-01,64708.299999999996,19293.066666666666,91958.76666666666,37489.6,722542.5,95751.76666666666,80172.2,20175.066666666666,37920.200000000004,266870.8333333333,153425.83333333334,24707.233333333334,20185.933333333334,245902.93333333335,103799.33333333333,53814.166666666664,47486.26666666666,61615.06666666667,77272.76666666666,18107.366666666665,112729.93333333333,149558.56666666668,144565.56666666668,101867.56666666667,34133.166666666664,93173.73333333334,14493.666666666666,35892.4,43766.666666666664,23335.466666666664,177971.63333333333,29352.600000000002,445867.8,151615.73333333334,17596.966666666667,186578.9,60077.26666666666,58966.0,220141.80000000002,17604.899999999998,60879.833333333336,15058.866666666667,98343.66666666667,493533.56666666665,44454.23333333334,9777.199999999999,152174.0,137970.80000000002,23728.066666666666,93951.63333333335,13128.466666666667
2013-04-01,64595.5,18869.466666666667,92291.96666666667,37506.96666666667,730617.7999999999,96367.09999999999,79979.63333333333,20203.066666666666,37901.26666666667,268081.0,153752.80000000002,24662.233333333334,20494.933333333334,245137.03333333333,102774.83333333333,53454.36666666667,47892.700000000004,61137.0,76278.43333333333,17976.7,112641.40000000001,150235.30000000002,144783.53333333333,102654.46666666667,33663.066666666666,93050.8,14507.833333333334,35661.36666666667,43616.76666666667,23328.566666666666,177012.6,29444.2,451591.1666666667,152370.46666666667,17898.2,186840.36666666667,60251.93333333333,59332.03333333333,221814.4,17519.933333333334,60790.799999999996,15107.300000000001,97706.7,501563.2,44807.36666666667,9750.566666666668,151803.1,138332.5,23738.100000000002,94018.33333333333,13005.933333333334
2013-07-01,65296.93333333333,19274.433333333334,93120.5,37942.96666666667,742889.5666666668,98046.76666666666,80766.59999999999,20449.600000000002,38145.13333333333,271801.39999999997,155078.56666666668,24885.266666666666,20743.100000000002,246679.80000000002,104220.46666666667,54192.53333333333,48213.666666666664,61552.166666666664,76805.53333333334,18147.7,113705.96666666667,152249.36666666667,146228.30000000002,104727.66666666667,34496.73333333333,93586.63333333335,14618.966666666667,35826.76666666667,44091.5,23541.600000000002,177707.86666666667,29651.13333333333,457235.3333333333,155068.19999999998,18453.933333333334,189327.19999999998,61042.333333333336,60123.03333333333,223335.7333333333,17717.600000000002,62095.13333333333,15174.733333333332,98685.63333333335,511317.6666666667,45600.03333333333,9710.300000000001,152541.1,140921.43333333332,23876.766666666666,94878.86666666665,13154.1
2013-10-01,65115.166666666664,18893.3,94084.26666666666,38030.23333333333,764469.9666666667,99355.0,81104.86666666667,21460.5,38753.566666666666,275582.3333333333,157413.26666666666,25151.86666666667,21023.733333333334,250442.19999999998,105389.96666666667,54805.96666666667,49051.63333333333,61728.23333333334,77419.90000000001,18395.033333333333,115026.16666666667,153718.36666666667,147455.16666666666,105585.5,34201.73333333333,94283.53333333333,14630.066666666666,35633.76666666667,44640.299999999996,23762.63333333333,179544.96666666667,29894.533333333336,466011.0333333334,157304.16666666666,18412.2,192630.06666666665,62221.43333333333,60949.166666666664,226133.46666666667,17869.666666666668,62912.96666666667,15140.5,99747.66666666667,513846.3333333333,45738.86666666667,9814.666666666666,153669.1,141565.1,23965.733333333334,96178.96666666667,13097.866666666667
2014-01-01,64427.5,18957.2,94496.03333333333,38173.0,759269.5666666668,100602.26666666666,80029.03333333334,21746.466666666667,39251.566666666666,276380.60000000003,159197.30000000002,25077.7,21068.933333333334,250384.43333333335,106939.36666666665,55518.13333333333,48031.0,61610.9,77702.93333333333,18403.899999999998,115039.43333333333,152484.86666666667,146792.73333333334,105622.96666666667,34184.066666666666,93298.0,14752.800000000001,36516.46666666667,44520.86666666667,23627.733333333334,178551.4,30047.0,466216.8666666667,158604.66666666666,19076.166666666668,193136.53333333333,63692.333333333336,60843.666666666664,226168.6,17944.666666666668,63134.9,15562.199999999999,99950.09999999999,514634.39999999997,46523.36666666667,9759.833333333334,152690.76666666666,143139.76666666666,23768.2,96031.33333333333,13221.866666666667
2014-04-01,65645.83333333333,19118.233333333334,95429.66666666667,38627.4,771935.7666666666,102382.36666666665,81493.59999999999,22615.63333333333,39472.9,281581.43333333335,162377.19999999998,25424.933333333334,21439.233333333334,255960.13333333333,109307.3,57732.5,49624.666666666664,62663.86666666667,80164.03333333334,18690.566666666666,117208.36666666665,154799.66666666666,150026.06666666668,107929.06666666667,34984.46666666667,95247.26666666666,15050.9,37460.26666666667,44915.1,24266.066666666666,180313.66666666666,30633.666666666668,472964.89999999997,159733.56666666668,20055.3,197492.30000000002,65431.0,62283.13333333333,230248.53333333333,18063.633333333335,64694.86666666667,15786.066666666666,101539.13333333335,527078.9333333333,47218.43333333333,9935.300000000001,154454.63333333333,145213.36666666667,24306.5,98507.23333333334,13502.933333333334
2014-07-01,66432.16666666667,18916.3,96638.0,38918.76666666667,789082.1333333333,104109.40000000001,82934.8,23247.966666666664,40004.36666666667,286509.06666666665,165064.96666666667,25812.533333333336,21691.7,260073.80000000002,110697.53333333333,58644.6,50992.666666666664,63134.63333333333,81590.46666666666,18926.633333333335,118976.46666666667,158409.66666666666,152255.53333333333,109719.23333333334,34906.46666666667,96909.43333333333,15160.800000000001,37434.5,45535.200000000004,24390.033333333336,181983.56666666665,31031.066666666666,481326.2,162373.73333333334,20350.100000000002,201316.0,67128.56666666667,63510.36666666667,233945.0,18212.533333333333,65435.4,15576.066666666666,102886.46666666667,534109.9333333333,47659.63333333333,10152.800000000001,155877.53333333333,148976.03333333333,24478.3,99472.56666666667,13596.1
2014-10-01,66703.63333333333,18321.533333333333,96991.83333333333,39133.433333333334,793427.8666666667,105629.40000000001,84338.53333333334,23529.533333333336,40490.666666666664,291118.73333333334,166799.53333333333,26049.233333333334,21900.399999999998,262056.43333333335,110333.53333333333,58899.299999999996,51596.46666666667,63235.666666666664,81525.59999999999,19193.3,119124.23333333334,161597.19999999998,153289.93333333332,109730.56666666667,34992.0,97888.53333333333,15271.766666666668,37850.0,46373.700000000004,25043.13333333333,182941.7666666667,31202.533333333336,487389.8333333333,163543.1,20420.133333333335,202243.03333333333,65923.59999999999,64190.36666666667,235161.33333333334,18525.399999999998,65871.73333333334,15456.166666666666,103828.5,529909.3666666667,48132.06666666667,10284.566666666668,157219.46666666667,150201.46666666667,24311.266666666666,100250.2,13426.566666666666
2015-01-01,66594.03333333334,17382.066666666666,98627.36666666665,38789.299999999996,811404.0666666668,105597.76666666666,85824.36666666667,23937.933333333334,41015.96666666667,295693.26666666666,170149.63333333333,26631.333333333332,21966.233333333334,263587.36666666664,109560.59999999999,59488.5,50577.5,63520.53333333333,79243.03333333334,19014.433333333334,121563.7,163471.76666666666,155668.03333333333,111096.36666666665,34967.333333333336,98380.36666666665,15496.366666666667,38293.933333333334,47156.299999999996,24810.3,185822.46666666667,30208.600000000002,489720.0,167103.66666666666,19162.766666666666,201823.7666666667,62893.9,65674.09999999999,236576.16666666666,18600.100000000002,67078.76666666666,15702.966666666667,106003.09999999999,525602.9333333333,48737.333333333336,10219.033333333333,158672.26666666666,152583.30000000002,23720.666666666668,101057.83333333333,12965.733333333332
2015-04-01,67448.2,17397.833333333332,99643.3,39194.566666666666,825507.6333333333,106773.46666666667,86678.0,24499.766666666666,41565.73333333333,301196.89999999997,173160.73333333334,26971.3,21876.399999999998,266120.26666666666,110850.63333333335,59961.53333333333,51629.9,64593.5,78996.86666666667,19322.3,122408.53333333333,166181.43333333332,157921.69999999998,111183.76666666666,35287.433333333334,99082.56666666667,15676.966666666667,38871.1,48263.700000000004,25433.2,187621.83333333334,30285.899999999998,497662.3666666667,169416.76666666666,18823.066666666666,203628.56666666665,62124.46666666667,66342.73333333334,238043.53333333333,18793.5,68003.53333333334,15847.433333333334,108225.46666666667,523755.23333333334,49519.06666666667,10266.966666666667,161038.13333333333,155118.0,23987.399999999998,102309.83333333333,12905.833333333334
2015-07-01,67952.7,17060.399999999998,99793.0,39555.03333333333,829797.2999999999,107393.09999999999,86629.8,23818.0,41654.5,305304.39999999997,175005.30000000002,27235.666666666668,22034.63333333333,268856.26666666666,110932.0,60488.666666666664,52087.06666666667,64812.63333333333,78400.36666666667,19470.7,123856.66666666667,166658.86666666667,159507.96666666667,112142.16666666667,35518.1,99581.33333333333,15665.433333333334,39151.46666666667,48775.53333333333,25554.36666666667,188832.06666666665,30088.433333333334,500652.23333333334,170860.13333333333,18497.333333333332,203813.86666666667,62379.13333333333,67647.73333333334,238515.16666666666,18798.366666666665,69403.40000000001,16054.766666666668,109542.09999999999,525230.8333333334,49995.06666666667,10375.766666666666,162560.69999999998,157369.73333333334,23797.833333333332,103097.03333333333,12862.0
2015-10-01,67834.93333333333,16814.233333333334,101127.33333333333,39510.13333333333,831365.5,107863.73333333334,86851.53333333334,23629.533333333336,41903.36666666667,309165.3,176361.9,27468.766666666666,21989.3,268010.06666666665,111250.96666666667,60460.333333333336,52316.46666666667,64957.4,76844.43333333333,19701.0,125141.83333333333,168823.03333333333,160213.4,112951.23333333334,35446.6,98861.5,15299.966666666667,39036.299999999996,49292.4,26172.766666666666,188702.06666666665,29782.833333333332,495468.9666666666,171191.06666666668,18179.366666666665,205426.43333333335,61689.96666666667,67881.53333333334,239135.6,18995.766666666666,69936.53333333334,16488.399999999998,109954.73333333334,523408.8333333333,50619.700000000004,10382.566666666668,162777.53333333333,157181.93333333332,23585.5,103545.86666666665,12502.300000000001
2016-01-01,68230.63333333333,16621.600000000002,101946.36666666665,39340.6,844441.0,107317.06666666667,87422.33333333333,23039.466666666664,42853.200000000004,310339.86666666664,179713.5,27666.399999999998,22520.766666666666,266858.39999999997,111445.56666666667,60105.96666666667,52208.666666666664,64027.9,75021.40000000001,19746.633333333335,126954.26666666666,168642.03333333333,160664.9,112783.2,35680.200000000004,99491.13333333335,15014.666666666666,38705.63333333333,49350.03333333333,26008.63333333333,190926.86666666667,29563.63333333333,511745.23333333334,173014.5,17279.566666666666,204435.69999999998,59509.86666666667,69494.2,239315.19999999998,18787.766666666666,70482.90000000001,15983.433333333334,110529.83333333333,516261.5,51255.666666666664,10462.033333333333,162702.83333333334,160869.56666666668,23264.8,103649.59999999999,12047.166666666666
2016-04-01,69043.26666666666,16847.433333333334,103799.76666666666,39634.200000000004,848716.9333333332,108857.06666666667,87707.36666666665,23209.533333333336,43171.700000000004,315724.73333333334,181542.06666666665,27879.966666666664,22903.566666666666,268613.26666666666,113073.09999999999,59938.4,53391.9,65390.46666666667,75405.06666666667,20099.566666666666,128693.09999999999,170854.36666666667,163755.9,113800.59999999999,35711.6,99941.09999999999,14968.9,39131.36666666667,49993.93333333333,26358.899999999998,191274.96666666667,29926.0,518000.5333333334,173908.76666666666,17154.233333333334,207277.69999999998,60396.200000000004,70179.03333333334,241226.4,19048.5,71496.90000000001,16262.0,111291.7,523966.6333333333,52020.0,10516.833333333334,164580.23333333334,160696.93333333332,23558.333333333332,104572.03333333333,11981.066666666666
2016-07-01,69231.5,16947.8,105438.36666666665,39646.23333333333,862094.2999999999,110838.59999999999,87831.03333333333,23093.933333333334,43185.833333333336,320949.4666666667,183117.06666666665,28050.066666666666,23184.0,268389.13333333336,114135.09999999999,60637.666666666664,53938.93333333333,66161.53333333334,75601.0,20116.933333333334,129907.73333333334,173274.73333333334,163859.1,115790.2,35692.63333333333,100238.56666666667,15129.566666666666,39562.299999999996,51405.5,26574.8,192158.56666666665,29945.86666666667,517059.10000000003,175609.80000000002,17351.533333333333,208771.4,60639.0,70473.66666666667,243652.16666666666,19353.066666666666,71967.96666666666,16625.7,112479.63333333335,529193.2000000001,53062.26666666666,10606.699999999999,165908.73333333334,162084.36666666667,23762.666666666668,105379.16666666667,11904.533333333333
2016-10-01,69985.76666666666,17220.033333333333,106257.33333333333,40248.833333333336,870926.4666666667,112869.59999999999,88599.66666666667,23130.36666666667,43654.03333333333,324122.6666666667,185689.6,28289.36666666667,23174.933333333334,272196.8333333333,115347.16666666667,60666.46666666667,54395.23333333334,66400.03333333334,76760.09999999999,20376.066666666666,131422.76666666666,173412.30000000002,165405.43333333332,116373.73333333334,35970.73333333333,101548.53333333333,15541.4,40128.6,51704.36666666667,26511.166666666668,192974.2333333333,30257.066666666666,521667.26666666666,178839.96666666667,17533.600000000002,210535.63333333333,61114.13333333333,71594.23333333334,244555.5,19281.966666666667,72879.2,16664.133333333335,114250.73333333334,535931.8333333334,54098.5,10629.333333333334,168169.66666666666,166049.30000000002,23980.100000000002,105163.53333333333,11905.833333333334
2017-01-01,70876.2,17495.533333333333,107985.26666666666,40329.200000000004,884929.0,113851.63333333335,88737.93333333333,23076.733333333334,43673.0,328577.63333333336,188576.43333333335,28674.666666666668,23337.36666666667,271344.13333333336,115815.59999999999,61070.93333333333,54566.26666666666,66318.73333333334,78918.53333333334,20547.533333333333,131745.66666666666,173887.1,165554.26666666666,117773.03333333333,36517.53333333333,101358.86666666665,15833.733333333332,39959.13333333333,52688.26666666666,26558.166666666668,192743.86666666667,30421.600000000002,529413.9666666667,180929.13333333333,18012.5,211725.19999999998,62476.86666666667,72371.26666666666,244930.86666666667,19055.033333333333,73605.96666666666,16951.266666666666,115242.96666666667,546367.4,54288.0,10699.433333333332,167725.4,168892.43333333332,24780.833333333332,105175.3,12120.033333333333
2017-04-01,71221.23333333334,17535.366666666665,108954.16666666667,40513.833333333336,901093.0,114912.53333333333,90513.3,22586.233333333334,44066.76666666666,331573.26666666666,189634.4,28905.733333333334,23772.8,273924.0,116805.76666666666,61028.23333333334,54691.63333333333,66841.16666666667,79802.56666666667,20599.666666666668,132599.56666666668,175969.6,166811.16666666666,117739.06666666667,36445.5,102515.09999999999,16174.9,40538.36666666667,53272.63333333333,26608.899999999998,194739.0,30570.933333333334,528523.2666666667,181925.6,18471.633333333335,213065.7666666667,63375.43333333333,73637.23333333334,246453.86666666667,19208.133333333335,73957.7,16835.333333333332,115740.36666666665,552732.7333333333,55185.96666666667,10693.966666666667,168886.9,171028.13333333333,24704.466666666664,105302.73333333334,12297.533333333333
2017-07-01,71772.83333333333,17773.100000000002,111157.96666666667,40807.96666666667,918373.6333333333,116986.59999999999,91171.96666666667,22940.533333333336,44985.799999999996,335397.63333333336,191902.93333333335,29251.766666666666,24002.36666666667,277131.0333333333,117909.13333333335,60844.166666666664,54991.36666666667,67325.86666666667,81109.66666666667,20894.533333333333,133905.5,178789.2666666667,167320.93333333332,117697.90000000001,36666.23333333333,103199.53333333333,16216.466666666667,40692.03333333333,54179.799999999996,27176.36666666667,196540.7666666667,30833.899999999998,533877.7000000001,183552.96666666667,18399.233333333334,214678.69999999998,63523.9,74637.13333333333,249986.53333333333,19511.833333333332,74423.3,16671.566666666666,116703.2,561082.7333333333,56564.03333333333,10766.966666666667,170538.19999999998,174561.66666666666,24918.533333333336,106712.7,12226.933333333334
2017-10-01,72911.0,17981.8,112457.46666666667,41482.566666666666,936902.9333333332,119446.66666666667,91687.03333333333,23081.533333333336,45129.333333333336,341208.89999999997,195758.80000000002,29404.933333333334,24472.033333333336,280367.73333333334,120336.56666666667,61789.666666666664,55648.43333333333,68254.26666666666,82441.53333333334,21175.466666666667,135623.93333333332,181159.7333333333,169315.80000000002,119702.33333333333,36987.4,104555.93333333333,16360.833333333334,41405.46666666667,54239.23333333334,27211.033333333336,197809.19999999998,31255.033333333336,546722.9,186486.43333333335,18753.933333333334,216191.43333333335,64856.5,76172.73333333334,251977.1,19479.366666666665,75406.23333333334,16607.666666666668,118763.73333333334,575965.0,58039.833333333336,10835.533333333333,172706.66666666666,178774.9,25328.766666666666,107294.86666666665,12507.1
2018-01-01,73760.96666666666,18046.033333333333,114608.86666666665,41875.0,941857.4,121289.83333333333,92502.73333333334,23479.266666666666,45652.166666666664,346558.9666666667,196103.56666666665,29648.533333333336,25273.13333333333,284787.56666666665,122659.43333333333,62601.666666666664,56350.86666666667,68264.46666666666,84429.06666666667,21501.266666666666,135319.13333333333,184131.7666666667,171994.43333333332,121900.26666666666,37088.5,104648.8,16884.433333333334,42100.23333333333,55766.200000000004,27660.63333333333,200776.03333333333,31790.100000000002,554574.6333333333,186967.9,19372.166666666668,218204.96666666667,66210.56666666667,77360.53333333334,253535.33333333334,19461.766666666666,76459.76666666666,17489.333333333332,118730.76666666666,588951.7333333333,59173.666666666664,10925.866666666667,174378.96666666667,183541.16666666666,25662.433333333334,109195.56666666667,12793.266666666668
2018-04-01,74642.13333333333,18172.566666666666,116043.0,42284.53333333333,962430.4666666667,123316.8,92924.63333333335,23919.3,46358.56666666667,350555.6666666667,199896.2666666667,30193.600000000002,25752.433333333334,288888.43333333335,124597.2,63537.6,57345.93333333333,69644.83333333333,85573.96666666666,21843.466666666667,137052.03333333333,187748.43333333335,174538.4,124418.90000000001,37659.066666666666,106699.56666666667,17034.0,42182.23333333333,56457.03333333333,27963.899999999998,203789.1,32362.100000000002,566042.6333333333,190404.96666666667,19767.333333333332,221810.93333333335,67259.53333333334,78638.59999999999,256883.83333333334,19776.166666666668,77769.43333333333,17449.233333333334,120387.7,602403.0333333333,60691.53333333333,11043.066666666666,176869.7666666667,186942.0,26296.066666666666,110247.23333333334,12998.933333333334
2018-07-01,74720.59999999999,18334.466666666667,117322.96666666667,42560.566666666666,973489.2000000001,124408.5,94522.43333333333,24509.36666666667,47094.833333333336,355182.26666666666,202350.06666666665,30254.333333333332,25917.100000000002,290532.5,125009.83333333333,63644.06666666667,57789.166666666664,69612.0,85502.40000000001,21980.766666666666,137364.1,189332.0,174166.96666666667,125374.16666666667,37499.333333333336,106838.83333333333,16904.899999999998,42085.63333333333,56923.76666666666,28090.8,205259.56666666665,32617.033333333336,570277.2666666667,190194.96666666667,19935.433333333334,223708.9,67841.73333333334,79719.03333333334,258849.46666666667,19676.166666666668,78207.63333333333,17416.833333333332,121137.16666666667,607800.2333333333,61449.833333333336,11006.5,178326.7666666667,190464.7666666667,26685.8,111197.59999999999,13086.1
2018-10-01,75605.53333333334,18395.899999999998,118568.43333333333,43021.86666666667,982357.6,126217.66666666667,94306.26666666666,24742.733333333334,47274.200000000004,358186.23333333334,204770.2666666667,30272.066666666666,26382.5,292505.5333333333,125758.0,64087.43333333333,58284.06666666667,70145.76666666666,85574.90000000001,21997.033333333336,138397.69999999998,190850.9,173703.69999999998,126199.3,37628.76666666667,107671.3,17048.366666666665,42862.200000000004,57990.13333333333,28076.7,208186.86666666667,32923.0,569049.2999999999,192407.7666666667,19715.266666666666,225573.7333333333,68643.66666666667,80369.86666666667,260879.9,19924.566666666666,79116.93333333333,17516.966666666667,121586.40000000001,613786.9333333333,62209.73333333334,11068.133333333333,179433.93333333335,191693.03333333333,26748.733333333334,112377.59999999999,13164.699999999999
2019-01-01,76148.73333333334,18022.966666666667,120412.43333333333,43013.6,993938.4666666667,127483.23333333334,95048.2,25133.100000000002,47305.06666666667,365535.0333333334,207727.7666666667,30195.63333333333,26843.8,293716.10000000003,125264.76666666666,63298.76666666666,57699.26666666666,70793.93333333333,85024.86666666667,22400.8,138583.36666666667,194188.53333333333,174799.46666666667,125636.5,37693.4,108957.7,17071.899999999998,42749.23333333333,59316.96666666667,28880.433333333334,209353.33333333334,33096.96666666667,581023.8666666667,194860.2666666667,19376.933333333334,227502.0,67607.3,80793.09999999999,262221.13333333336,20191.100000000002,80360.16666666667,17803.733333333334,123438.13333333335,611706.9333333333,64020.4,11286.133333333333,181803.7666666667,195832.86666666667,26113.333333333332,113028.76666666666,12978.800000000001
2019-04-01,76809.53333333334,18078.8,122287.03333333333,43318.1,1015117.2000000001,130075.83333333333,95983.2,25598.166666666668,47758.799999999996,370150.4666666666,212419.9,30438.266666666666,27271.766666666666,295941.89999999997,126751.93333333333,64132.03333333333,58650.666666666664,71783.26666666666,84721.13333333333,22607.666666666668,140425.83333333334,197020.03333333333,177011.43333333335,127225.13333333335,37942.96666666667,110074.3,17097.666666666668,43245.03333333333,60129.56666666667,29096.433333333334,212566.1,33675.6,593465.7666666667,197831.93333333335,19648.766666666666,230271.1,67645.59999999999,81543.86666666667,265807.06666666665,20433.466666666667,80764.86666666667,17845.133333333335,124941.93333333333,617516.4666666667,64101.833333333336,11252.366666666667,183199.80000000002,197621.5,26372.533333333336,114629.23333333334,13084.0
2019-07-01,77408.23333333334,18267.600000000002,124536.83333333333,43809.26666666666,1024177.9,132380.19999999998,96411.40000000001,25873.533333333336,48403.13333333333,374663.3,214564.66666666666,30875.833333333332,27693.5,298470.1666666667,127438.86666666665,65455.03333333333,59256.86666666667,72364.53333333334,84720.56666666667,22955.899999999998,141290.16666666666,199501.1,178149.36666666667,128484.93333333333,38386.700000000004,111421.93333333333,17320.966666666667,44069.13333333333,61079.26666666666,29275.066666666666,214904.7333333333,34364.76666666667,595750.4,199711.19999999998,19693.2,232474.06666666665,67985.83333333333,82659.0,268092.89999999997,20441.933333333334,82005.96666666666,18060.066666666666,126572.3,624839.3666666667,65554.86666666667,11445.533333333333,186393.2333333333,200433.6,26475.63333333333,115315.5,13224.133333333333
2019-10-01,77862.63333333333,18360.100000000002,126081.3,44312.200000000004,1036960.0666666668,133018.03333333333,96702.66666666667,26118.100000000002,49073.9,378231.8,215685.93333333335,30865.100000000002,28084.433333333334,299186.60000000003,128571.53333333333,66210.96666666666,60044.53333333333,73193.66666666667,84949.46666666666,23306.2,141846.6,200299.2666666667,178619.19999999998,129372.96666666667,38955.36666666667,112576.56666666667,17561.899999999998,45073.166666666664,61798.63333333333,29424.899999999998,215758.1,34824.700000000004,600095.6666666666,201803.7666666667,19953.833333333332,234018.56666666665,68360.93333333333,83866.76666666666,270127.1666666667,20692.266666666666,83085.40000000001,18210.899999999998,127602.93333333333,631209.0333333333,66440.76666666666,11519.300000000001,187677.63333333333,203277.03333333333,26558.066666666666,116659.59999999999,13514.199999999999
2020-01-01,77264.26666666666,17701.066666666666,125233.43333333333,44157.46666666667,1027870.4,131807.03333333333,95429.13333333335,25691.399999999998,49113.333333333336,375764.93333333335,212563.36666666667,30108.13333333333,28160.766666666666,295210.0,128021.76666666666,65473.03333333333,59627.26666666666,72656.83333333333,82433.5,23366.5,140919.93333333332,200145.2666666667,177428.7333333333,127902.90000000001,38802.4,111827.09999999999,17315.966666666667,44918.53333333333,61664.833333333336,29750.2,215462.5,34422.96666666667,596398.4333333333,201046.6,19498.133333333335,232102.69999999998,65639.43333333333,83532.40000000001,267345.36666666664,20591.899999999998,82408.5,18597.399999999998,127548.73333333334,612700.1,65639.93333333333,11562.699999999999,186374.36666666667,203008.69999999998,26060.0,114719.8,12944.666666666666
2020-04-01,70192.09999999999,15314.833333333334,117105.96666666667,40986.23333333333,933982.2000000001,119572.06666666667,85937.36666666667,23939.399999999998,46390.200000000004,344897.9666666667,195071.9,25889.966666666664,25878.63333333333,268116.13333333336,114796.09999999999,60663.0,54331.46666666667,65133.03333333333,73172.09999999999,21568.133333333335,129202.26666666666,181380.13333333333,155722.33333333334,117072.8,34996.1,102749.5,15997.266666666668,41282.0,50364.53333333333,26916.833333333332,190335.19999999998,30462.7,539346.0666666667,183300.1,16836.433333333334,209084.19999999998,58171.333333333336,76180.7,237517.1,18762.966666666667,75927.03333333334,17043.100000000002,111903.90000000001,550463.1666666666,62255.26666666666,10252.800000000001,173017.30000000002,189572.1,22960.63333333333,105223.8,11071.5
2020-07-01,77193.73333333334,16292.300000000001,126283.40000000001,44345.6,1014069.3333333334,128358.36666666665,92956.66666666667,25605.0,48095.73333333334,375443.8333333333,210084.03333333333,27011.600000000002,28490.0,288761.93333333335,127931.33333333333,65646.09999999999,59291.03333333333,72417.63333333333,78920.66666666667,23418.666666666668,138360.5,195339.9,176082.9,125645.06666666667,38649.933333333334,111213.33333333333,17446.899999999998,44976.333333333336,57386.06666666667,29629.966666666664,208290.9,32862.066666666666,578808.5666666667,199499.19999999998,18173.466666666667,229605.2333333333,63037.1,82119.06666666667,259922.36666666667,20550.966666666667,83579.83333333333,18362.666666666668,125158.96666666667,595938.7000000001,66681.5,11298.9,184788.83333333334,206398.86666666667,25552.899999999998,114132.0,12060.300000000001
2020-10-01,77878.5,17118.433333333334,129669.16666666667,44844.96666666667,1033661.6333333333,130375.40000000001,94240.7,25812.86666666667,49140.43333333333,378607.3,212451.16666666666,27503.100000000002,29232.733333333334,292401.10000000003,129699.73333333334,67241.36666666667,60272.63333333333,73178.59999999999,79390.23333333334,24009.100000000002,139083.53333333333,199770.46666666667,177592.6,127698.3,39345.76666666667,113366.26666666666,17918.333333333332,46741.833333333336,58509.63333333333,30531.066666666666,210683.7333333333,33548.433333333334,585125.6666666666,202592.80000000002,18630.899999999998,232622.7666666667,63894.333333333336,83203.63333333333,264412.39999999997,20835.966666666667,84593.53333333334,19049.366666666665,128154.06666666667,608348.4666666667,68839.2,11465.533333333333,188533.9,206692.06666666665,26566.399999999998,116209.8,12354.766666666668
2021-01-01,79375.46666666666,17387.933333333334,131199.66666666666,46256.96666666667,1069046.2666666666,134253.76666666666,95037.46666666667,25797.433333333334,49276.6,387780.6666666667,217866.66666666666,28061.100000000002,30184.033333333336,302265.89999999997,134564.6,70014.96666666666,61825.13333333333,75233.59999999999,81213.8,24391.333333333332,143535.80000000002,203566.6,180381.6,130818.96666666667,40148.26666666667,115892.43333333333,18817.7,48608.36666666667,60324.36666666667,30917.533333333336,216445.46666666667,34771.566666666666,597068.0333333333,209368.63333333333,19900.866666666665,236999.63333333333,65466.700000000004,85522.40000000001,269282.06666666665,20780.033333333333,86563.59999999999,19646.266666666666,133597.30000000002,626762.6666666666,70573.56666666667,11677.366666666667,190809.19999999998,212115.6,27640.933333333334,117870.03333333333,13101.0
2021-04-01,81262.26666666666,18018.633333333335,135262.9,47668.166666666664,1107234.7,139207.86666666667,97864.90000000001,26576.066666666666,50192.166666666664,404487.0,225206.83333333334,29723.466666666664,31136.833333333332,309150.7,138640.93333333332,73313.56666666667,63723.166666666664,77170.33333333333,84432.63333333333,25071.3,143772.9,209856.69999999998,188669.66666666666,136320.19999999998,41252.5,118690.13333333335,19585.100000000002,49784.833333333336,63599.700000000004,32915.200000000004,220631.7666666667,35704.86666666667,614120.8666666667,215634.56666666665,20963.2,242799.46666666667,67757.5,87638.93333333333,276298.56666666665,21900.166666666668,88924.53333333333,20364.533333333333,137327.56666666668,649918.7666666667,72382.8,11900.933333333334,194732.33333333334,221040.30000000002,28752.166666666668,120772.93333333333,13587.133333333333
2021-07-01,82997.06666666667,18559.066666666666,138520.19999999998,48641.200000000004,1128111.7333333334,142159.16666666666,99537.40000000001,27182.13333333333,51056.1,414100.1333333333,230013.43333333335,30648.933333333334,31616.63333333333,315217.86666666664,141242.83333333334,74561.83333333333,64759.36666666667,78766.86666666667,85720.23333333334,25554.833333333332,146342.56666666668,214012.56666666665,191383.2666666667,139064.76666666666,42087.96666666667,120985.23333333334,20006.766666666666,50740.799999999996,65259.1,33010.1,225668.7666666667,36534.200000000004,622643.1333333333,220108.83333333334,21527.8,247133.16666666666,69588.46666666666,89621.23333333334,282041.1666666667,22297.899999999998,90699.13333333335,20660.133333333335,140450.63333333333,668883.5,74052.36666666667,12100.533333333333,198675.13333333333,224697.03333333333,29481.933333333334,122629.13333333335,14033.966666666667
2021-10-01,85821.8,19327.833333333332,143272.9,50160.9,1171115.8333333333,146967.80000000002,102890.3,28068.666666666668,52152.299999999996,428695.4666666666,237982.53333333333,31645.766666666666,32818.200000000004,324495.3,146003.9,75231.90000000001,66097.16666666667,81493.43333333333,89042.09999999999,26392.2,150661.93333333332,221249.93333333335,197449.69999999998,143130.4,43324.666666666664,124368.2,20660.866666666665,51382.93333333333,68101.86666666667,34146.26666666667,233373.16666666666,38226.666666666664,638069.1666666666,228202.2333333333,22123.899999999998,255000.86666666667,72854.59999999999,93141.5,291626.93333333335,22940.86666666667,93918.09999999999,20936.366666666665,146350.06666666668,701526.4666666667,76780.63333333333,12547.966666666667,204918.06666666665,232249.43333333335,30650.933333333334,126636.26666666666,14774.466666666667
2022-01-01,87204.0,19625.100000000002,145103.43333333332,51238.299999999996,1189629.4333333333,149173.30000000002,104070.66666666667,28406.666666666668,52557.06666666667,434648.2,241994.6,31862.166666666668,33599.23333333333,329129.23333333334,149078.66666666666,77217.09999999999,67426.23333333334,83015.53333333334,90506.40000000001,26818.166666666668,152942.43333333332,224596.16666666666,201303.6,145460.66666666666,44202.166666666664,126410.76666666666,21081.633333333335,52630.833333333336,69484.53333333334,34811.86666666667,236393.5,38911.5,643846.2666666667,232173.46666666667,22816.3,259289.86666666667,74444.3,94709.5,296045.7,23250.266666666666,95511.8,21341.666666666668,149169.13333333333,716351.2000000001,78011.83333333333,12808.333333333334,207662.93333333335,234372.33333333334,31297.0,129324.03333333333,15069.199999999999
