month,alabama,alaska,arizona,arkansas,california,colorado,connecticut,delaware,district of columbia,florida,georgia,hawaii,idaho,illinois,indiana,iowa,kansas,kentucky,louisiana,maine,maryland,massachusetts,michigan,minnesota,mississippi,missouri,montana,nebraska,nevada,new hampshire,new jersey,new mexico,new york,north carolina,north dakota,ohio,oklahoma,oregon,pennsylvania,rhode island,south carolina,south dakota,tennessee,texas,utah,vermont,virginia,washington,west virginia,wisconsin,wyoming
2012-05-01,0.084,0.073,0.085,0.073,0.10800000000000001,0.08199999999999999,0.084,0.071,0.091,0.08900000000000001,0.092,0.062,0.075,0.09,0.08199999999999999,0.051,0.057999999999999996,0.08199999999999999,0.069,0.073,0.069,0.067,0.091,0.057,0.08900000000000001,0.07200000000000001,0.059000000000000004,0.039,0.11900000000000001,0.054000000000000006,0.095,0.07,0.08800000000000001,0.095,0.028999999999999998,0.07400000000000001,0.051,0.08900000000000001,0.077,0.10400000000000001,0.09300000000000001,0.040999999999999995,0.08,0.068,0.049,0.049,0.061,0.08,0.073,0.07,0.055999999999999994
2012-06-01,0.083,0.073,0.084,0.073,0.107,0.08199999999999999,0.084,0.071,0.09,0.08800000000000001,0.091,0.061,0.075,0.091,0.08199999999999999,0.051,0.057,0.08199999999999999,0.068,0.073,0.069,0.067,0.091,0.057,0.08900000000000001,0.07200000000000001,0.059000000000000004,0.039,0.11800000000000001,0.055,0.095,0.069,0.08800000000000001,0.095,0.028999999999999998,0.073,0.051,0.08900000000000001,0.077,0.10400000000000001,0.092,0.040999999999999995,0.08,0.068,0.048,0.049,0.06,0.08,0.07400000000000001,0.07,0.055999999999999994
2012-07-01,0.08199999999999999,0.07200000000000001,0.083,0.073,0.105,0.081,0.084,0.071,0.08800000000000001,0.086,0.09,0.059000000000000004,0.07400000000000001,0.09,0.08199999999999999,0.051,0.057,0.08199999999999999,0.067,0.07200000000000001,0.069,0.067,0.09,0.057,0.08800000000000001,0.071,0.059000000000000004,0.039,0.11599999999999999,0.055999999999999994,0.095,0.069,0.087,0.095,0.028999999999999998,0.073,0.051,0.08800000000000001,0.078,0.10300000000000001,0.09,0.040999999999999995,0.08,0.067,0.048,0.049,0.059000000000000004,0.078,0.07400000000000001,0.07,0.055
2012-08-01,0.081,0.07200000000000001,0.08199999999999999,0.07200000000000001,0.10300000000000001,0.079,0.084,0.071,0.087,0.085,0.08900000000000001,0.057,0.073,0.09,0.08199999999999999,0.05,0.055999999999999994,0.08199999999999999,0.066,0.07200000000000001,0.069,0.067,0.09,0.057,0.08800000000000001,0.07,0.057999999999999996,0.038,0.114,0.055999999999999994,0.094,0.069,0.086,0.095,0.028999999999999998,0.07200000000000001,0.051,0.087,0.078,0.10099999999999999,0.08800000000000001,0.040999999999999995,0.079,0.066,0.047,0.048,0.059000000000000004,0.076,0.07400000000000001,0.069,0.055
2012-09-01,0.079,0.071,0.081,0.07200000000000001,0.102,0.078,0.084,0.071,0.086,0.084,0.08800000000000001,0.055,0.07200000000000001,0.09,0.08199999999999999,0.05,0.055999999999999994,0.081,0.065,0.07200000000000001,0.068,0.067,0.09,0.055999999999999994,0.087,0.07,0.057,0.038,0.11199999999999999,0.055999999999999994,0.094,0.069,0.086,0.095,0.028999999999999998,0.07200000000000001,0.051,0.087,0.077,0.1,0.087,0.04,0.078,0.065,0.047,0.048,0.057999999999999996,0.07400000000000001,0.07400000000000001,0.069,0.054000000000000006
2012-10-01,0.078,0.071,0.081,0.07200000000000001,0.1,0.076,0.083,0.071,0.086,0.083,0.087,0.053,0.07200000000000001,0.09,0.08199999999999999,0.05,0.055999999999999994,0.081,0.064,0.071,0.068,0.067,0.09,0.055999999999999994,0.087,0.07,0.055999999999999994,0.038,0.111,0.055999999999999994,0.09300000000000001,0.069,0.085,0.095,0.03,0.07200000000000001,0.051,0.086,0.077,0.098,0.086,0.04,0.078,0.065,0.046,0.047,0.057,0.07200000000000001,0.073,0.068,0.053
2012-11-01,0.078,0.071,0.081,0.07200000000000001,0.099,0.075,0.083,0.071,0.086,0.08199999999999999,0.087,0.052000000000000005,0.071,0.09,0.08199999999999999,0.049,0.055999999999999994,0.081,0.065,0.071,0.068,0.067,0.09,0.055,0.086,0.07,0.055999999999999994,0.038,0.109,0.055999999999999994,0.09300000000000001,0.07,0.084,0.095,0.03,0.073,0.051,0.086,0.077,0.09699999999999999,0.085,0.039,0.078,0.065,0.046,0.047,0.057,0.071,0.073,0.068,0.052000000000000005
2012-12-01,0.077,0.071,0.081,0.07200000000000001,0.098,0.07400000000000001,0.083,0.071,0.087,0.081,0.086,0.051,0.071,0.091,0.08199999999999999,0.049,0.055999999999999994,0.08,0.066,0.071,0.068,0.067,0.09,0.054000000000000006,0.086,0.07,0.055,0.038,0.10800000000000001,0.055999999999999994,0.092,0.07,0.084,0.094,0.03,0.07400000000000001,0.051,0.085,0.077,0.096,0.084,0.039,0.079,0.065,0.046,0.046,0.057,0.069,0.07200000000000001,0.069,0.052000000000000005
2013-01-01,0.076,0.071,0.081,0.07200000000000001,0.09699999999999999,0.073,0.083,0.071,0.087,0.08,0.086,0.05,0.07,0.092,0.08199999999999999,0.049,0.055999999999999994,0.08,0.067,0.071,0.068,0.067,0.09,0.054000000000000006,0.087,0.069,0.055,0.038,0.107,0.055999999999999994,0.091,0.07,0.083,0.094,0.03,0.075,0.052000000000000005,0.084,0.076,0.096,0.084,0.039,0.08,0.065,0.045,0.046,0.055999999999999994,0.069,0.071,0.069,0.051
2013-02-01,0.076,0.07,0.081,0.07200000000000001,0.095,0.07200000000000001,0.083,0.07,0.087,0.08,0.086,0.049,0.07,0.09300000000000001,0.08199999999999999,0.049,0.055,0.08,0.068,0.07,0.068,0.068,0.09,0.053,0.087,0.069,0.055,0.038,0.106,0.055,0.09,0.07,0.08199999999999999,0.091,0.03,0.076,0.052000000000000005,0.083,0.075,0.095,0.083,0.038,0.08,0.066,0.044000000000000004,0.046,0.055999999999999994,0.067,0.069,0.069,0.05
2013-03-01,0.075,0.07,0.08,0.07200000000000001,0.094,0.071,0.08199999999999999,0.07,0.087,0.079,0.085,0.049,0.07,0.09300000000000001,0.081,0.049,0.055,0.08,0.068,0.07,0.067,0.068,0.08900000000000001,0.052000000000000005,0.087,0.069,0.055,0.038,0.105,0.055,0.08900000000000001,0.069,0.081,0.08800000000000001,0.03,0.076,0.052000000000000005,0.08199999999999999,0.07400000000000001,0.095,0.081,0.038,0.08,0.065,0.044000000000000004,0.046,0.055999999999999994,0.067,0.068,0.069,0.049
2013-04-01,0.07400000000000001,0.07,0.08,0.07200000000000001,0.09300000000000001,0.07,0.08199999999999999,0.069,0.086,0.078,0.084,0.048,0.07,0.09300000000000001,0.08,0.049,0.054000000000000006,0.08,0.067,0.069,0.067,0.068,0.08900000000000001,0.052000000000000005,0.087,0.069,0.055,0.038,0.10400000000000001,0.054000000000000006,0.08800000000000001,0.069,0.08,0.085,0.028999999999999998,0.076,0.052000000000000005,0.08,0.073,0.095,0.079,0.038,0.08,0.065,0.043,0.045,0.055999999999999994,0.067,0.067,0.069,0.048
2013-05-01,0.073,0.07,0.079,0.07200000000000001,0.092,0.069,0.081,0.068,0.085,0.076,0.083,0.047,0.07,0.092,0.078,0.048,0.054000000000000006,0.08,0.067,0.068,0.066,0.067,0.08800000000000001,0.051,0.086,0.068,0.054000000000000006,0.037000000000000005,0.102,0.053,0.087,0.069,0.079,0.08199999999999999,0.028999999999999998,0.076,0.051,0.079,0.07200000000000001,0.095,0.077,0.038,0.079,0.064,0.043,0.045,0.055999999999999994,0.067,0.066,0.068,0.047
2013-06-01,0.073,0.07,0.079,0.071,0.091,0.068,0.081,0.067,0.085,0.076,0.08199999999999999,0.047,0.069,0.092,0.077,0.048,0.054000000000000006,0.08,0.066,0.067,0.066,0.067,0.08800000000000001,0.051,0.085,0.068,0.054000000000000006,0.037000000000000005,0.10099999999999999,0.052000000000000005,0.085,0.069,0.079,0.078,0.028999999999999998,0.076,0.051,0.078,0.071,0.096,0.075,0.037000000000000005,0.079,0.064,0.042,0.045,0.055999999999999994,0.067,0.066,0.067,0.047
2013-07-01,0.07200000000000001,0.07,0.078,0.071,0.09,0.068,0.08,0.066,0.085,0.075,0.081,0.047,0.069,0.092,0.075,0.047,0.053,0.08,0.065,0.067,0.065,0.067,0.08800000000000001,0.05,0.085,0.068,0.054000000000000006,0.037000000000000005,0.099,0.052000000000000005,0.084,0.069,0.078,0.075,0.028999999999999998,0.076,0.051,0.077,0.071,0.096,0.07400000000000001,0.037000000000000005,0.078,0.063,0.042,0.044000000000000004,0.055999999999999994,0.067,0.066,0.067,0.046
2013-08-01,0.07200000000000001,0.07,0.078,0.071,0.08900000000000001,0.067,0.079,0.065,0.084,0.07400000000000001,0.08,0.047,0.069,0.091,0.073,0.047,0.053,0.08,0.064,0.066,0.065,0.067,0.08800000000000001,0.05,0.085,0.068,0.053,0.037000000000000005,0.098,0.052000000000000005,0.08199999999999999,0.069,0.078,0.073,0.028999999999999998,0.076,0.051,0.076,0.07,0.096,0.07200000000000001,0.037000000000000005,0.077,0.063,0.042,0.044000000000000004,0.055999999999999994,0.067,0.066,0.066,0.046
2013-09-01,0.07200000000000001,0.07,0.077,0.07,0.08800000000000001,0.065,0.078,0.063,0.083,0.073,0.079,0.047,0.069,0.09,0.071,0.046,0.052000000000000005,0.079,0.062,0.065,0.064,0.066,0.086,0.049,0.084,0.067,0.053,0.036000000000000004,0.096,0.051,0.08,0.069,0.076,0.067,0.027999999999999997,0.075,0.051,0.07400000000000001,0.069,0.095,0.07,0.036000000000000004,0.076,0.062,0.040999999999999995,0.043,0.055,0.066,0.066,0.065,0.046
2013-10-01,0.07200000000000001,0.07,0.076,0.069,0.086,0.064,0.076,0.062,0.08199999999999999,0.07200000000000001,0.078,0.047,0.068,0.08800000000000001,0.069,0.045,0.051,0.078,0.06,0.064,0.063,0.065,0.085,0.048,0.083,0.066,0.052000000000000005,0.035,0.094,0.051,0.078,0.069,0.075,0.066,0.027999999999999997,0.073,0.051,0.073,0.068,0.094,0.068,0.036000000000000004,0.07400000000000001,0.061,0.04,0.043,0.055,0.065,0.067,0.064,0.046
2013-11-01,0.07200000000000001,0.069,0.075,0.067,0.085,0.062,0.075,0.061,0.081,0.071,0.077,0.047,0.064,0.087,0.067,0.045,0.05,0.077,0.059000000000000004,0.063,0.062,0.064,0.084,0.048,0.08199999999999999,0.066,0.051,0.035,0.09300000000000001,0.05,0.076,0.069,0.073,0.065,0.027999999999999997,0.071,0.05,0.07200000000000001,0.067,0.09300000000000001,0.065,0.035,0.073,0.06,0.04,0.042,0.054000000000000006,0.064,0.067,0.063,0.046
2013-12-01,0.07200000000000001,0.069,0.07400000000000001,0.066,0.084,0.061,0.07400000000000001,0.061,0.08,0.07,0.076,0.046,0.06,0.086,0.065,0.045,0.049,0.076,0.057,0.062,0.061,0.063,0.08199999999999999,0.047,0.081,0.066,0.05,0.035,0.091,0.049,0.075,0.068,0.071,0.064,0.027999999999999997,0.069,0.05,0.07200000000000001,0.066,0.091,0.063,0.035,0.071,0.057999999999999996,0.039,0.040999999999999995,0.054000000000000006,0.063,0.067,0.061,0.046
2014-01-01,0.07200000000000001,0.069,0.07200000000000001,0.065,0.08199999999999999,0.06,0.07200000000000001,0.06,0.079,0.069,0.075,0.046,0.055999999999999994,0.084,0.064,0.044000000000000004,0.048,0.075,0.055999999999999994,0.061,0.061,0.062,0.081,0.047,0.081,0.066,0.05,0.035,0.08900000000000001,0.048,0.073,0.068,0.07,0.064,0.027000000000000003,0.066,0.049,0.07200000000000001,0.065,0.08900000000000001,0.061,0.035,0.069,0.057,0.038,0.040999999999999995,0.053,0.062,0.067,0.06,0.045
2014-02-01,0.071,0.069,0.071,0.063,0.081,0.057999999999999996,0.071,0.06,0.079,0.068,0.07400000000000001,0.045,0.052000000000000005,0.081,0.063,0.044000000000000004,0.047,0.073,0.055999999999999994,0.06,0.06,0.061,0.08,0.046,0.08,0.066,0.049,0.035,0.08800000000000001,0.047,0.071,0.067,0.068,0.063,0.027000000000000003,0.064,0.047,0.071,0.064,0.087,0.06,0.034,0.068,0.055999999999999994,0.037000000000000005,0.04,0.053,0.061,0.067,0.059000000000000004,0.044000000000000004
2014-03-01,0.071,0.069,0.07,0.062,0.08,0.055999999999999994,0.069,0.059000000000000004,0.078,0.067,0.07400000000000001,0.044000000000000004,0.049,0.079,0.062,0.044000000000000004,0.047,0.07200000000000001,0.057,0.059000000000000004,0.059000000000000004,0.06,0.079,0.046,0.079,0.065,0.048,0.034,0.086,0.046,0.07,0.067,0.067,0.063,0.026000000000000002,0.062,0.046,0.07,0.063,0.085,0.06,0.034,0.068,0.055,0.037000000000000005,0.04,0.053,0.061,0.067,0.057,0.044000000000000004
2014-04-01,0.07,0.069,0.069,0.06,0.078,0.054000000000000006,0.068,0.057999999999999996,0.078,0.067,0.07400000000000001,0.044000000000000004,0.046,0.076,0.061,0.043,0.046,0.07,0.057999999999999996,0.057999999999999996,0.059000000000000004,0.059000000000000004,0.077,0.045,0.079,0.064,0.047,0.034,0.085,0.045,0.068,0.067,0.065,0.063,0.026000000000000002,0.06,0.045,0.069,0.062,0.083,0.06,0.034,0.067,0.054000000000000006,0.036000000000000004,0.04,0.053,0.06,0.066,0.055999999999999994,0.044000000000000004
2014-05-01,0.069,0.069,0.069,0.06,0.077,0.052000000000000005,0.067,0.057999999999999996,0.078,0.066,0.073,0.044000000000000004,0.045,0.07400000000000001,0.061,0.043,0.046,0.067,0.06,0.057,0.057999999999999996,0.059000000000000004,0.075,0.044000000000000004,0.078,0.063,0.047,0.033,0.083,0.044000000000000004,0.067,0.067,0.064,0.062,0.026000000000000002,0.059000000000000004,0.044000000000000004,0.068,0.061,0.08,0.061,0.034,0.067,0.053,0.036000000000000004,0.04,0.052000000000000005,0.06,0.065,0.055,0.044000000000000004
2014-06-01,0.068,0.069,0.068,0.059000000000000004,0.076,0.05,0.066,0.057,0.078,0.065,0.073,0.043,0.04,0.07200000000000001,0.06,0.043,0.045,0.065,0.062,0.055999999999999994,0.057999999999999996,0.057999999999999996,0.07400000000000001,0.043,0.077,0.062,0.047,0.033,0.08199999999999999,0.043,0.067,0.066,0.063,0.062,0.026000000000000002,0.057999999999999996,0.043,0.067,0.06,0.078,0.062,0.033,0.067,0.052000000000000005,0.036000000000000004,0.04,0.052000000000000005,0.059000000000000004,0.065,0.054000000000000006,0.044000000000000004
2014-07-01,0.067,0.068,0.067,0.057999999999999996,0.075,0.048,0.066,0.055999999999999994,0.077,0.064,0.07200000000000001,0.042,0.04,0.07,0.059000000000000004,0.042,0.045,0.063,0.064,0.055,0.057,0.057,0.07200000000000001,0.042,0.076,0.061,0.046,0.032,0.081,0.043,0.066,0.066,0.062,0.061,0.026000000000000002,0.057,0.042,0.066,0.057999999999999996,0.076,0.063,0.033,0.066,0.052000000000000005,0.036000000000000004,0.04,0.051,0.059000000000000004,0.064,0.053,0.044000000000000004
2014-08-01,0.066,0.068,0.067,0.057,0.07400000000000001,0.046,0.065,0.055,0.077,0.063,0.071,0.040999999999999995,0.04,0.068,0.057999999999999996,0.042,0.044000000000000004,0.06,0.066,0.054000000000000006,0.055999999999999994,0.055999999999999994,0.07,0.040999999999999995,0.075,0.06,0.046,0.032,0.079,0.042,0.066,0.066,0.061,0.061,0.026000000000000002,0.055999999999999994,0.042,0.065,0.057,0.07400000000000001,0.065,0.033,0.066,0.051,0.036000000000000004,0.04,0.051,0.059000000000000004,0.064,0.051,0.044000000000000004
2014-09-01,0.065,0.067,0.067,0.057,0.073,0.045,0.064,0.054000000000000006,0.076,0.062,0.07,0.040999999999999995,0.04,0.066,0.057999999999999996,0.042,0.044000000000000004,0.059000000000000004,0.067,0.053,0.055999999999999994,0.055999999999999994,0.068,0.04,0.07400000000000001,0.059000000000000004,0.046,0.031,0.078,0.040999999999999995,0.066,0.065,0.06,0.06,0.026000000000000002,0.055,0.040999999999999995,0.064,0.055999999999999994,0.073,0.065,0.033,0.065,0.05,0.036000000000000004,0.04,0.05,0.057999999999999996,0.064,0.05,0.044000000000000004
2014-10-01,0.064,0.065,0.066,0.055999999999999994,0.07200000000000001,0.044000000000000004,0.063,0.053,0.076,0.061,0.068,0.04,0.04,0.065,0.057,0.040999999999999995,0.043,0.057,0.068,0.052000000000000005,0.055,0.055,0.066,0.04,0.07200000000000001,0.057999999999999996,0.045,0.031,0.077,0.040999999999999995,0.065,0.064,0.059000000000000004,0.059000000000000004,0.026000000000000002,0.054000000000000006,0.040999999999999995,0.063,0.055999999999999994,0.071,0.066,0.033,0.064,0.049,0.036000000000000004,0.04,0.049,0.057999999999999996,0.064,0.05,0.043
2014-11-01,0.063,0.064,0.065,0.055999999999999994,0.071,0.043,0.062,0.052000000000000005,0.075,0.06,0.067,0.039,0.039,0.063,0.055999999999999994,0.04,0.043,0.055,0.068,0.052000000000000005,0.055,0.054000000000000006,0.064,0.039,0.071,0.057,0.045,0.03,0.076,0.04,0.065,0.064,0.057999999999999996,0.057999999999999996,0.026000000000000002,0.053,0.04,0.062,0.055,0.069,0.065,0.032,0.063,0.048,0.036000000000000004,0.039,0.049,0.057,0.063,0.049,0.040999999999999995
2014-12-01,0.062,0.063,0.064,0.055,0.069,0.042,0.061,0.051,0.07400000000000001,0.06,0.066,0.039,0.039,0.062,0.055,0.039,0.043,0.054000000000000006,0.068,0.05,0.054000000000000006,0.052000000000000005,0.062,0.039,0.069,0.057,0.044000000000000004,0.03,0.075,0.039,0.064,0.064,0.057999999999999996,0.057,0.026000000000000002,0.052000000000000005,0.04,0.06,0.055,0.067,0.065,0.032,0.062,0.046,0.036000000000000004,0.039,0.048,0.057,0.064,0.048,0.04
2015-01-01,0.061,0.062,0.064,0.055,0.068,0.040999999999999995,0.06,0.05,0.07400000000000001,0.059000000000000004,0.065,0.038,0.038,0.061,0.054000000000000006,0.039,0.043,0.053,0.068,0.049,0.054000000000000006,0.052000000000000005,0.06,0.038,0.068,0.055999999999999994,0.043,0.028999999999999998,0.07400000000000001,0.038,0.063,0.065,0.057,0.057,0.026000000000000002,0.052000000000000005,0.04,0.057999999999999996,0.055,0.066,0.064,0.032,0.061,0.046,0.036000000000000004,0.038,0.048,0.055999999999999994,0.064,0.047,0.039
2015-02-01,0.061,0.063,0.063,0.054000000000000006,0.067,0.040999999999999995,0.059000000000000004,0.049,0.073,0.057999999999999996,0.064,0.038,0.039,0.061,0.052000000000000005,0.038,0.044000000000000004,0.053,0.067,0.048,0.053,0.051,0.059000000000000004,0.038,0.067,0.055999999999999994,0.043,0.028999999999999998,0.073,0.038,0.063,0.066,0.055999999999999994,0.057,0.026000000000000002,0.052000000000000005,0.040999999999999995,0.057999999999999996,0.055,0.065,0.064,0.032,0.061,0.045,0.035,0.037000000000000005,0.047,0.055,0.065,0.047,0.039
2015-03-01,0.061,0.063,0.062,0.054000000000000006,0.066,0.040999999999999995,0.057999999999999996,0.049,0.07200000000000001,0.057999999999999996,0.063,0.037000000000000005,0.039,0.06,0.051,0.038,0.044000000000000004,0.053,0.066,0.047,0.053,0.05,0.057999999999999996,0.038,0.067,0.055999999999999994,0.043,0.03,0.07200000000000001,0.037000000000000005,0.062,0.067,0.055999999999999994,0.057999999999999996,0.027000000000000003,0.052000000000000005,0.042,0.057,0.055,0.064,0.063,0.032,0.06,0.045,0.035,0.037000000000000005,0.047,0.055,0.067,0.046,0.04
2015-04-01,0.061,0.063,0.062,0.053,0.065,0.04,0.057999999999999996,0.049,0.07200000000000001,0.057,0.063,0.036000000000000004,0.039,0.06,0.049,0.038,0.044000000000000004,0.053,0.065,0.046,0.052000000000000005,0.05,0.057,0.038,0.066,0.055,0.042,0.03,0.071,0.036000000000000004,0.061,0.067,0.055,0.057999999999999996,0.027999999999999997,0.051,0.043,0.057,0.055,0.063,0.062,0.031,0.059000000000000004,0.045,0.035,0.036000000000000004,0.046,0.054000000000000006,0.068,0.046,0.040999999999999995
2015-05-01,0.061,0.063,0.061,0.052000000000000005,0.064,0.039,0.057,0.049,0.07,0.057,0.062,0.035,0.039,0.06,0.048,0.037000000000000005,0.043,0.052000000000000005,0.064,0.045,0.051,0.049,0.055999999999999994,0.038,0.065,0.053,0.043,0.03,0.07,0.035,0.06,0.067,0.054000000000000006,0.057999999999999996,0.027999999999999997,0.05,0.044000000000000004,0.055999999999999994,0.055,0.062,0.061,0.031,0.057999999999999996,0.044000000000000004,0.035,0.036000000000000004,0.045,0.054000000000000006,0.068,0.045,0.042
2015-06-01,0.062,0.063,0.061,0.051,0.063,0.038,0.055999999999999994,0.048,0.069,0.055999999999999994,0.061,0.034,0.039,0.06,0.047,0.037000000000000005,0.042,0.052000000000000005,0.063,0.044000000000000004,0.05,0.048,0.055,0.038,0.064,0.052000000000000005,0.043,0.03,0.069,0.034,0.057999999999999996,0.067,0.053,0.057999999999999996,0.027999999999999997,0.049,0.044000000000000004,0.055,0.054000000000000006,0.06,0.06,0.031,0.057,0.044000000000000004,0.035,0.035,0.044000000000000004,0.054000000000000006,0.068,0.044000000000000004,0.042
2015-07-01,0.062,0.062,0.061,0.049,0.062,0.037000000000000005,0.055999999999999994,0.048,0.068,0.055,0.06,0.033,0.039,0.059000000000000004,0.046,0.036000000000000004,0.040999999999999995,0.052000000000000005,0.061,0.043,0.049,0.047,0.054000000000000006,0.038,0.063,0.05,0.043,0.03,0.068,0.033,0.055999999999999994,0.066,0.052000000000000005,0.057,0.027999999999999997,0.048,0.044000000000000004,0.055,0.054000000000000006,0.059000000000000004,0.057999999999999996,0.031,0.055,0.044000000000000004,0.035,0.035,0.043,0.054000000000000006,0.067,0.044000000000000004,0.042
2015-08-01,0.062,0.062,0.06,0.048,0.06,0.036000000000000004,0.055,0.047,0.068,0.054000000000000006,0.059000000000000004,0.033,0.039,0.059000000000000004,0.046,0.036000000000000004,0.04,0.052000000000000005,0.061,0.042,0.049,0.047,0.052000000000000005,0.038,0.063,0.049,0.043,0.03,0.067,0.033,0.055,0.066,0.05,0.057,0.027999999999999997,0.048,0.043,0.054000000000000006,0.053,0.057999999999999996,0.057,0.03,0.054000000000000006,0.045,0.035,0.035,0.042,0.054000000000000006,0.066,0.043,0.042
2015-09-01,0.061,0.062,0.06,0.046,0.059000000000000004,0.035,0.054000000000000006,0.047,0.067,0.053,0.059000000000000004,0.032,0.039,0.059000000000000004,0.045,0.036000000000000004,0.04,0.052000000000000005,0.06,0.040999999999999995,0.048,0.046,0.051,0.038,0.063,0.048,0.043,0.03,0.066,0.032,0.053,0.066,0.049,0.055999999999999994,0.027999999999999997,0.047,0.043,0.053,0.053,0.057,0.055999999999999994,0.03,0.053,0.045,0.035,0.034,0.040999999999999995,0.054000000000000006,0.065,0.043,0.043
2015-10-01,0.061,0.063,0.059000000000000004,0.045,0.057999999999999996,0.034,0.054000000000000006,0.047,0.066,0.053,0.057999999999999996,0.032,0.038,0.059000000000000004,0.045,0.036000000000000004,0.039,0.052000000000000005,0.06,0.040999999999999995,0.047,0.046,0.05,0.037000000000000005,0.064,0.047,0.043,0.03,0.065,0.031,0.052000000000000005,0.065,0.049,0.055,0.027999999999999997,0.048,0.043,0.052000000000000005,0.053,0.057,0.055,0.028999999999999998,0.051,0.045,0.035,0.034,0.040999999999999995,0.054000000000000006,0.064,0.042,0.043
2015-11-01,0.061,0.063,0.057999999999999996,0.044000000000000004,0.057999999999999996,0.034,0.054000000000000006,0.046,0.066,0.052000000000000005,0.057999999999999996,0.031,0.038,0.06,0.045,0.036000000000000004,0.039,0.052000000000000005,0.06,0.04,0.047,0.045,0.05,0.038,0.064,0.046,0.043,0.03,0.064,0.03,0.051,0.065,0.049,0.054000000000000006,0.028999999999999998,0.048,0.044000000000000004,0.051,0.052000000000000005,0.055999999999999994,0.054000000000000006,0.028999999999999998,0.05,0.045,0.035,0.034,0.04,0.054000000000000006,0.064,0.042,0.045
2015-12-01,0.061,0.064,0.057999999999999996,0.043,0.057,0.033,0.053,0.046,0.065,0.051,0.057,0.031,0.038,0.061,0.046,0.036000000000000004,0.039,0.052000000000000005,0.06,0.04,0.046,0.044000000000000004,0.049,0.038,0.064,0.045,0.043,0.03,0.063,0.03,0.05,0.065,0.048,0.054000000000000006,0.03,0.049,0.044000000000000004,0.05,0.053,0.055999999999999994,0.054000000000000006,0.027999999999999997,0.049,0.045,0.035,0.033,0.04,0.054000000000000006,0.064,0.042,0.047
2016-01-01,0.061,0.064,0.057,0.042,0.057,0.033,0.052000000000000005,0.045,0.064,0.051,0.057,0.03,0.038,0.062,0.046,0.036000000000000004,0.039,0.052000000000000005,0.06,0.04,0.045,0.044000000000000004,0.049,0.038,0.063,0.045,0.044000000000000004,0.03,0.062,0.028999999999999998,0.05,0.065,0.048,0.053,0.031,0.05,0.045,0.049,0.053,0.055999999999999994,0.053,0.027999999999999997,0.048,0.045,0.035,0.032,0.04,0.054000000000000006,0.064,0.040999999999999995,0.05
2016-02-01,0.06,0.065,0.055999999999999994,0.040999999999999995,0.055999999999999994,0.033,0.052000000000000005,0.045,0.063,0.05,0.057,0.03,0.038,0.062,0.046,0.036000000000000004,0.039,0.051,0.061,0.039,0.044000000000000004,0.043,0.049,0.038,0.062,0.044000000000000004,0.044000000000000004,0.03,0.062,0.028999999999999998,0.05,0.065,0.048,0.052000000000000005,0.032,0.05,0.045,0.049,0.053,0.055,0.053,0.027999999999999997,0.047,0.044000000000000004,0.035,0.032,0.039,0.054000000000000006,0.063,0.040999999999999995,0.053
2016-03-01,0.06,0.065,0.055999999999999994,0.04,0.055999999999999994,0.033,0.051,0.044000000000000004,0.062,0.05,0.055999999999999994,0.03,0.037000000000000005,0.062,0.046,0.036000000000000004,0.039,0.051,0.061,0.039,0.043,0.042,0.05,0.038,0.061,0.044000000000000004,0.044000000000000004,0.03,0.061,0.027999999999999997,0.05,0.066,0.048,0.052000000000000005,0.032,0.05,0.046,0.049,0.053,0.054000000000000006,0.052000000000000005,0.027999999999999997,0.047,0.045,0.035,0.032,0.039,0.054000000000000006,0.063,0.04,0.055
2016-04-01,0.059000000000000004,0.065,0.055999999999999994,0.04,0.055,0.033,0.05,0.044000000000000004,0.061,0.049,0.055,0.03,0.037000000000000005,0.061,0.046,0.036000000000000004,0.04,0.05,0.061,0.039,0.043,0.040999999999999995,0.05,0.038,0.06,0.045,0.044000000000000004,0.03,0.06,0.027999999999999997,0.05,0.066,0.048,0.051,0.032,0.05,0.047,0.049,0.054000000000000006,0.054000000000000006,0.051,0.028999999999999998,0.046,0.045,0.034,0.031,0.039,0.053,0.062,0.04,0.057
2016-05-01,0.059000000000000004,0.066,0.055,0.04,0.055,0.033,0.049,0.044000000000000004,0.061,0.049,0.054000000000000006,0.03,0.037000000000000005,0.06,0.045,0.036000000000000004,0.04,0.049,0.061,0.038,0.043,0.040999999999999995,0.05,0.038,0.06,0.046,0.044000000000000004,0.03,0.059000000000000004,0.028999999999999998,0.05,0.067,0.048,0.051,0.032,0.05,0.047,0.049,0.054000000000000006,0.054000000000000006,0.051,0.028999999999999998,0.047,0.046,0.034,0.031,0.039,0.053,0.062,0.04,0.057
2016-06-01,0.059000000000000004,0.066,0.055,0.04,0.055,0.032,0.049,0.045,0.061,0.049,0.054000000000000006,0.028999999999999998,0.037000000000000005,0.059000000000000004,0.044000000000000004,0.037000000000000005,0.04,0.049,0.061,0.038,0.043,0.04,0.05,0.038,0.059000000000000004,0.047,0.043,0.031,0.057999999999999996,0.028999999999999998,0.05,0.068,0.049,0.05,0.032,0.05,0.048,0.049,0.054000000000000006,0.053,0.05,0.03,0.047,0.047,0.034,0.031,0.04,0.053,0.062,0.039,0.055999999999999994
2016-07-01,0.059000000000000004,0.066,0.055,0.04,0.055,0.032,0.048,0.045,0.062,0.049,0.054000000000000006,0.028999999999999998,0.037000000000000005,0.057999999999999996,0.044000000000000004,0.036000000000000004,0.040999999999999995,0.049,0.061,0.038,0.042,0.039,0.05,0.039,0.059000000000000004,0.047,0.043,0.031,0.057,0.028999999999999998,0.05,0.069,0.049,0.05,0.031,0.05,0.048,0.049,0.054000000000000006,0.053,0.049,0.031,0.048,0.047,0.033,0.031,0.04,0.053,0.061,0.039,0.054000000000000006
2016-08-01,0.059000000000000004,0.067,0.054000000000000006,0.04,0.055,0.031,0.047,0.045,0.062,0.049,0.054000000000000006,0.028999999999999998,0.037000000000000005,0.057999999999999996,0.043,0.036000000000000004,0.040999999999999995,0.05,0.061,0.037000000000000005,0.042,0.039,0.05,0.039,0.059000000000000004,0.047,0.043,0.031,0.057,0.028999999999999998,0.05,0.069,0.05,0.051,0.031,0.05,0.048,0.048,0.054000000000000006,0.052000000000000005,0.048,0.031,0.048,0.047,0.033,0.031,0.040999999999999995,0.052000000000000005,0.061,0.039,0.053
2016-09-01,0.059000000000000004,0.067,0.054000000000000006,0.039,0.055,0.03,0.047,0.046,0.063,0.049,0.054000000000000006,0.027999999999999997,0.036000000000000004,0.057,0.042,0.036000000000000004,0.040999999999999995,0.05,0.061,0.037000000000000005,0.043,0.039,0.051,0.04,0.059000000000000004,0.047,0.043,0.031,0.055999999999999994,0.028999999999999998,0.049,0.069,0.05,0.051,0.03,0.051,0.047,0.047,0.054000000000000006,0.051,0.047,0.032,0.049,0.048,0.033,0.031,0.040999999999999995,0.051,0.06,0.039,0.052000000000000005
2016-10-01,0.059000000000000004,0.067,0.054000000000000006,0.039,0.055,0.03,0.047,0.046,0.063,0.049,0.054000000000000006,0.027999999999999997,0.036000000000000004,0.057,0.040999999999999995,0.035,0.040999999999999995,0.051,0.061,0.037000000000000005,0.043,0.039,0.051,0.04,0.059000000000000004,0.046,0.043,0.032,0.055999999999999994,0.028999999999999998,0.049,0.069,0.05,0.051,0.03,0.052000000000000005,0.047,0.045,0.053,0.05,0.046,0.032,0.049,0.048,0.032,0.031,0.040999999999999995,0.051,0.059000000000000004,0.038,0.052000000000000005
2016-11-01,0.057999999999999996,0.067,0.053,0.039,0.054000000000000006,0.028999999999999998,0.046,0.047,0.063,0.048,0.054000000000000006,0.027000000000000003,0.036000000000000004,0.055999999999999994,0.040999999999999995,0.035,0.040999999999999995,0.051,0.06,0.036000000000000004,0.042,0.039,0.051,0.04,0.057999999999999996,0.045,0.042,0.031,0.055,0.028999999999999998,0.048,0.069,0.049,0.05,0.03,0.053,0.046,0.044000000000000004,0.053,0.049,0.045,0.032,0.048,0.048,0.032,0.031,0.040999999999999995,0.05,0.057999999999999996,0.037000000000000005,0.051
2016-12-01,0.057,0.067,0.053,0.038,0.054000000000000006,0.027000000000000003,0.046,0.047,0.063,0.048,0.053,0.027000000000000003,0.035,0.054000000000000006,0.04,0.034,0.04,0.051,0.059000000000000004,0.035,0.042,0.039,0.05,0.039,0.057,0.043,0.042,0.031,0.054000000000000006,0.028999999999999998,0.047,0.068,0.048,0.05,0.028999999999999998,0.053,0.045,0.043,0.052000000000000005,0.048,0.045,0.032,0.047,0.048,0.032,0.031,0.04,0.049,0.055999999999999994,0.036000000000000004,0.05
2017-01-01,0.055,0.066,0.052000000000000005,0.038,0.052000000000000005,0.026000000000000002,0.046,0.047,0.063,0.047,0.052000000000000005,0.026000000000000002,0.035,0.053,0.038,0.033,0.039,0.051,0.057999999999999996,0.035,0.040999999999999995,0.038,0.048,0.038,0.055999999999999994,0.042,0.042,0.031,0.054000000000000006,0.028999999999999998,0.046,0.067,0.047,0.049,0.028999999999999998,0.053,0.044000000000000004,0.040999999999999995,0.052000000000000005,0.046,0.044000000000000004,0.031,0.046,0.048,0.032,0.031,0.04,0.048,0.054000000000000006,0.035,0.048
2017-02-01,0.052000000000000005,0.066,0.052000000000000005,0.037000000000000005,0.051,0.025,0.045,0.046,0.062,0.046,0.051,0.026000000000000002,0.034,0.051,0.037000000000000005,0.032,0.038,0.05,0.057,0.034,0.04,0.038,0.047,0.037000000000000005,0.055,0.040999999999999995,0.040999999999999995,0.03,0.053,0.028999999999999998,0.045,0.066,0.046,0.047,0.027999999999999997,0.052000000000000005,0.043,0.04,0.051,0.045,0.043,0.031,0.044000000000000004,0.047,0.032,0.031,0.04,0.047,0.052000000000000005,0.034,0.046
2017-03-01,0.05,0.065,0.051,0.037000000000000005,0.05,0.024,0.045,0.046,0.062,0.045,0.05,0.025,0.033,0.05,0.035,0.032,0.037000000000000005,0.05,0.055,0.034,0.04,0.038,0.045,0.036000000000000004,0.054000000000000006,0.039,0.040999999999999995,0.03,0.052000000000000005,0.027999999999999997,0.045,0.065,0.046,0.046,0.027000000000000003,0.051,0.042,0.039,0.051,0.045,0.042,0.031,0.042,0.046,0.032,0.031,0.039,0.046,0.051,0.033,0.044000000000000004
2017-04-01,0.048,0.065,0.05,0.037000000000000005,0.05,0.024,0.045,0.046,0.062,0.044000000000000004,0.049,0.025,0.032,0.049,0.034,0.031,0.036000000000000004,0.05,0.054000000000000006,0.034,0.039,0.038,0.043,0.035,0.054000000000000006,0.038,0.040999999999999995,0.028999999999999998,0.051,0.027999999999999997,0.044000000000000004,0.064,0.046,0.045,0.026000000000000002,0.051,0.040999999999999995,0.039,0.05,0.044000000000000004,0.042,0.03,0.039,0.045,0.032,0.031,0.038,0.046,0.05,0.033,0.042
2017-05-01,0.046,0.065,0.05,0.037000000000000005,0.049,0.024,0.044000000000000004,0.045,0.062,0.043,0.048,0.024,0.032,0.049,0.034,0.031,0.036000000000000004,0.049,0.052000000000000005,0.034,0.039,0.038,0.043,0.035,0.053,0.037000000000000005,0.040999999999999995,0.028999999999999998,0.05,0.027999999999999997,0.045,0.062,0.046,0.045,0.025,0.05,0.04,0.04,0.05,0.044000000000000004,0.040999999999999995,0.03,0.037000000000000005,0.044000000000000004,0.032,0.03,0.037000000000000005,0.046,0.05,0.032,0.040999999999999995
2017-06-01,0.044000000000000004,0.065,0.049,0.037000000000000005,0.049,0.025,0.044000000000000004,0.045,0.061,0.043,0.048,0.023,0.031,0.049,0.034,0.031,0.036000000000000004,0.049,0.051,0.034,0.039,0.038,0.044000000000000004,0.035,0.053,0.037000000000000005,0.040999999999999995,0.028999999999999998,0.049,0.027000000000000003,0.045,0.061,0.046,0.045,0.025,0.05,0.04,0.04,0.049,0.044000000000000004,0.040999999999999995,0.03,0.036000000000000004,0.043,0.032,0.03,0.037000000000000005,0.046,0.051,0.033,0.040999999999999995
2017-07-01,0.043,0.065,0.049,0.037000000000000005,0.048,0.026000000000000002,0.044000000000000004,0.045,0.061,0.042,0.047,0.021,0.031,0.05,0.035,0.031,0.036000000000000004,0.048,0.049,0.034,0.04,0.038,0.045,0.034,0.052000000000000005,0.036000000000000004,0.040999999999999995,0.028999999999999998,0.048,0.027999999999999997,0.045,0.06,0.047,0.045,0.025,0.05,0.04,0.040999999999999995,0.049,0.045,0.042,0.031,0.035,0.042,0.032,0.028999999999999998,0.036000000000000004,0.046,0.051,0.033,0.042
2017-08-01,0.042,0.065,0.048,0.037000000000000005,0.048,0.027000000000000003,0.044000000000000004,0.044000000000000004,0.061,0.042,0.046,0.02,0.032,0.05,0.035,0.03,0.036000000000000004,0.048,0.048,0.034,0.04,0.038,0.046,0.034,0.052000000000000005,0.036000000000000004,0.040999999999999995,0.03,0.048,0.027999999999999997,0.046,0.057999999999999996,0.047,0.045,0.025,0.049,0.04,0.040999999999999995,0.049,0.045,0.042,0.031,0.034,0.042,0.032,0.028999999999999998,0.035,0.046,0.052000000000000005,0.033,0.043
2017-09-01,0.040999999999999995,0.065,0.049,0.038,0.047,0.027999999999999997,0.044000000000000004,0.044000000000000004,0.06,0.042,0.046,0.019,0.032,0.049,0.035,0.03,0.036000000000000004,0.046,0.048,0.034,0.04,0.038,0.047,0.034,0.051,0.036000000000000004,0.040999999999999995,0.03,0.048,0.027999999999999997,0.046,0.057,0.047,0.045,0.025,0.049,0.039,0.042,0.049,0.046,0.042,0.031,0.034,0.040999999999999995,0.031,0.028999999999999998,0.035,0.047,0.053,0.032,0.043
2017-10-01,0.04,0.065,0.049,0.038,0.046,0.027999999999999997,0.043,0.043,0.06,0.040999999999999995,0.045,0.019,0.032,0.049,0.035,0.028999999999999998,0.035,0.045,0.047,0.033,0.040999999999999995,0.038,0.048,0.034,0.05,0.036000000000000004,0.040999999999999995,0.03,0.048,0.027999999999999997,0.046,0.055999999999999994,0.047,0.044000000000000004,0.026000000000000002,0.048,0.039,0.042,0.049,0.046,0.042,0.03,0.034,0.040999999999999995,0.031,0.03,0.035,0.047,0.053,0.032,0.043
2017-11-01,0.04,0.065,0.049,0.038,0.045,0.027999999999999997,0.043,0.043,0.059000000000000004,0.040999999999999995,0.045,0.019,0.031,0.048,0.034,0.028999999999999998,0.035,0.044000000000000004,0.047,0.032,0.040999999999999995,0.038,0.047,0.033,0.049,0.036000000000000004,0.04,0.03,0.048,0.027999999999999997,0.046,0.055,0.046,0.044000000000000004,0.026000000000000002,0.047,0.038,0.040999999999999995,0.049,0.046,0.042,0.03,0.034,0.040999999999999995,0.031,0.03,0.034,0.046,0.054000000000000006,0.031,0.043
2017-12-01,0.04,0.064,0.049,0.038,0.045,0.027999999999999997,0.043,0.042,0.059000000000000004,0.04,0.044000000000000004,0.019,0.031,0.047,0.033,0.027999999999999997,0.034,0.043,0.047,0.031,0.04,0.037000000000000005,0.046,0.033,0.049,0.035,0.04,0.03,0.049,0.027999999999999997,0.045,0.054000000000000006,0.045,0.043,0.026000000000000002,0.046,0.038,0.040999999999999995,0.049,0.045,0.040999999999999995,0.03,0.035,0.040999999999999995,0.031,0.03,0.034,0.046,0.054000000000000006,0.03,0.043
2018-01-01,0.04,0.063,0.048,0.038,0.044000000000000004,0.027999999999999997,0.042,0.042,0.059000000000000004,0.04,0.043,0.021,0.03,0.045,0.033,0.027000000000000003,0.034,0.042,0.047,0.03,0.039,0.037000000000000005,0.045,0.032,0.049,0.035,0.039,0.028999999999999998,0.049,0.027000000000000003,0.044000000000000004,0.052000000000000005,0.045,0.042,0.026000000000000002,0.046,0.037000000000000005,0.040999999999999995,0.048,0.045,0.039,0.028999999999999998,0.035,0.040999999999999995,0.03,0.03,0.033,0.046,0.054000000000000006,0.028999999999999998,0.042
2018-02-01,0.04,0.062,0.048,0.037000000000000005,0.043,0.028999999999999998,0.042,0.040999999999999995,0.059000000000000004,0.039,0.043,0.022000000000000002,0.028999999999999998,0.044000000000000004,0.033,0.027000000000000003,0.033,0.042,0.048,0.03,0.038,0.036000000000000004,0.044000000000000004,0.032,0.049,0.034,0.039,0.028999999999999998,0.048,0.027000000000000003,0.043,0.051,0.044000000000000004,0.040999999999999995,0.026000000000000002,0.045,0.036000000000000004,0.04,0.047,0.043,0.037000000000000005,0.028999999999999998,0.035,0.04,0.03,0.028999999999999998,0.032,0.045,0.054000000000000006,0.028999999999999998,0.040999999999999995
2018-03-01,0.04,0.061,0.047,0.037000000000000005,0.043,0.028999999999999998,0.040999999999999995,0.04,0.057999999999999996,0.039,0.042,0.023,0.028999999999999998,0.044000000000000004,0.033,0.026000000000000002,0.033,0.042,0.048,0.028999999999999998,0.037000000000000005,0.036000000000000004,0.043,0.031,0.049,0.033,0.038,0.028999999999999998,0.047,0.027000000000000003,0.042,0.05,0.043,0.04,0.025,0.045,0.035,0.04,0.046,0.042,0.035,0.028999999999999998,0.035,0.04,0.03,0.028999999999999998,0.031,0.045,0.054000000000000006,0.028999999999999998,0.04
2018-04-01,0.04,0.06,0.047,0.036000000000000004,0.042,0.028999999999999998,0.04,0.039,0.057999999999999996,0.038,0.040999999999999995,0.024,0.027999999999999997,0.043,0.033,0.025,0.033,0.042,0.049,0.03,0.036000000000000004,0.035,0.040999999999999995,0.031,0.049,0.032,0.038,0.027999999999999997,0.045,0.027000000000000003,0.042,0.049,0.042,0.04,0.025,0.045,0.034,0.039,0.045,0.040999999999999995,0.033,0.027999999999999997,0.035,0.04,0.03,0.027999999999999997,0.03,0.044000000000000004,0.053,0.03,0.04
2018-05-01,0.039,0.059000000000000004,0.047,0.036000000000000004,0.042,0.03,0.04,0.038,0.057,0.037000000000000005,0.04,0.024,0.027999999999999997,0.043,0.034,0.025,0.032,0.042,0.049,0.03,0.036000000000000004,0.035,0.040999999999999995,0.03,0.049,0.031,0.038,0.027999999999999997,0.043,0.027000000000000003,0.040999999999999995,0.048,0.040999999999999995,0.039,0.024,0.045,0.033,0.039,0.044000000000000004,0.04,0.033,0.027999999999999997,0.035,0.039,0.028999999999999998,0.027000000000000003,0.028999999999999998,0.044000000000000004,0.052000000000000005,0.03,0.04
2018-06-01,0.039,0.059000000000000004,0.047,0.036000000000000004,0.042,0.031,0.039,0.037000000000000005,0.055999999999999994,0.037000000000000005,0.04,0.024,0.027999999999999997,0.042,0.034,0.024,0.032,0.042,0.049,0.031,0.036000000000000004,0.035,0.04,0.03,0.049,0.03,0.037000000000000005,0.027999999999999997,0.042,0.026000000000000002,0.04,0.047,0.04,0.039,0.023,0.045,0.032,0.039,0.044000000000000004,0.04,0.033,0.027999999999999997,0.035,0.039,0.028999999999999998,0.026000000000000002,0.027999999999999997,0.043,0.052000000000000005,0.03,0.04
2018-07-01,0.039,0.059000000000000004,0.047,0.035,0.042,0.031,0.039,0.037000000000000005,0.054000000000000006,0.036000000000000004,0.039,0.024,0.027999999999999997,0.043,0.034,0.024,0.032,0.042,0.048,0.032,0.036000000000000004,0.034,0.04,0.03,0.048,0.03,0.037000000000000005,0.028999999999999998,0.04,0.026000000000000002,0.04,0.047,0.04,0.039,0.022000000000000002,0.045,0.031,0.039,0.043,0.039,0.033,0.027000000000000003,0.035,0.039,0.028999999999999998,0.026000000000000002,0.027999999999999997,0.043,0.051,0.03,0.040999999999999995
2018-08-01,0.039,0.057999999999999996,0.048,0.035,0.042,0.031,0.038,0.036000000000000004,0.054000000000000006,0.036000000000000004,0.039,0.023,0.028999999999999998,0.043,0.035,0.025,0.032,0.042,0.048,0.032,0.036000000000000004,0.034,0.040999999999999995,0.03,0.049,0.03,0.037000000000000005,0.028999999999999998,0.04,0.026000000000000002,0.039,0.047,0.039,0.04,0.022000000000000002,0.044000000000000004,0.031,0.04,0.043,0.04,0.033,0.027000000000000003,0.035,0.038,0.028999999999999998,0.025,0.027000000000000003,0.043,0.05,0.03,0.040999999999999995
2018-09-01,0.039,0.057999999999999996,0.049,0.036000000000000004,0.042,0.031,0.038,0.036000000000000004,0.054000000000000006,0.035,0.039,0.023,0.028999999999999998,0.044000000000000004,0.035,0.025,0.033,0.042,0.048,0.033,0.037000000000000005,0.033,0.040999999999999995,0.031,0.049,0.03,0.037000000000000005,0.03,0.040999999999999995,0.026000000000000002,0.038,0.048,0.039,0.04,0.022000000000000002,0.045,0.031,0.040999999999999995,0.043,0.04,0.033,0.027000000000000003,0.035,0.038,0.028999999999999998,0.024,0.027999999999999997,0.044000000000000004,0.05,0.03,0.040999999999999995
2018-10-01,0.039,0.059000000000000004,0.049,0.036000000000000004,0.043,0.031,0.038,0.035,0.055,0.035,0.039,0.024,0.03,0.044000000000000004,0.035,0.025,0.033,0.042,0.048,0.033,0.037000000000000005,0.033,0.042,0.032,0.051,0.031,0.037000000000000005,0.03,0.042,0.026000000000000002,0.037000000000000005,0.049,0.039,0.040999999999999995,0.023,0.045,0.031,0.042,0.043,0.04,0.033,0.027000000000000003,0.035,0.038,0.028999999999999998,0.024,0.028999999999999998,0.045,0.05,0.03,0.040999999999999995
2018-11-01,0.038,0.059000000000000004,0.05,0.037000000000000005,0.043,0.031,0.038,0.036000000000000004,0.057,0.036000000000000004,0.039,0.025,0.03,0.045,0.035,0.025,0.033,0.042,0.048,0.032,0.036000000000000004,0.033,0.042,0.034,0.052000000000000005,0.031,0.037000000000000005,0.03,0.043,0.026000000000000002,0.036000000000000004,0.05,0.04,0.040999999999999995,0.023,0.045,0.032,0.042,0.044000000000000004,0.04,0.033,0.027999999999999997,0.035,0.038,0.028999999999999998,0.023,0.028999999999999998,0.046,0.051,0.03,0.04
2018-12-01,0.038,0.059000000000000004,0.05,0.037000000000000005,0.043,0.03,0.037000000000000005,0.036000000000000004,0.057999999999999996,0.036000000000000004,0.039,0.026000000000000002,0.03,0.045,0.035,0.025,0.033,0.042,0.048,0.031,0.036000000000000004,0.033,0.042,0.034,0.053,0.032,0.036000000000000004,0.03,0.045,0.026000000000000002,0.036000000000000004,0.051,0.04,0.04,0.023,0.045,0.032,0.042,0.044000000000000004,0.039,0.033,0.027999999999999997,0.035,0.038,0.027999999999999997,0.023,0.03,0.046,0.051,0.03,0.039
2019-01-01,0.037000000000000005,0.057999999999999996,0.05,0.036000000000000004,0.043,0.028999999999999998,0.037000000000000005,0.036000000000000004,0.059000000000000004,0.035,0.039,0.027000000000000003,0.03,0.045,0.035,0.025,0.033,0.042,0.048,0.03,0.035,0.032,0.042,0.034,0.053,0.032,0.036000000000000004,0.03,0.045,0.026000000000000002,0.035,0.052000000000000005,0.039,0.039,0.023,0.044000000000000004,0.032,0.042,0.044000000000000004,0.038,0.032,0.027999999999999997,0.035,0.037000000000000005,0.027999999999999997,0.022000000000000002,0.03,0.047,0.05,0.03,0.037000000000000005
2019-02-01,0.036000000000000004,0.057,0.049,0.035,0.042,0.027999999999999997,0.036000000000000004,0.036000000000000004,0.059000000000000004,0.035,0.038,0.027999999999999997,0.03,0.045,0.034,0.025,0.032,0.040999999999999995,0.047,0.028999999999999998,0.033,0.032,0.042,0.034,0.053,0.032,0.035,0.03,0.045,0.026000000000000002,0.034,0.052000000000000005,0.039,0.039,0.023,0.042,0.031,0.04,0.044000000000000004,0.036000000000000004,0.032,0.027999999999999997,0.034,0.036000000000000004,0.027000000000000003,0.022000000000000002,0.03,0.046,0.049,0.03,0.035
2019-03-01,0.034,0.055999999999999994,0.049,0.034,0.042,0.027000000000000003,0.036000000000000004,0.036000000000000004,0.057999999999999996,0.034,0.037000000000000005,0.028999999999999998,0.028999999999999998,0.043,0.033,0.025,0.031,0.040999999999999995,0.045,0.027000000000000003,0.032,0.031,0.040999999999999995,0.034,0.053,0.031,0.035,0.03,0.044000000000000004,0.025,0.033,0.051,0.038,0.038,0.022000000000000002,0.040999999999999995,0.031,0.039,0.044000000000000004,0.035,0.032,0.027999999999999997,0.034,0.035,0.027000000000000003,0.021,0.03,0.046,0.048,0.031,0.034
2019-04-01,0.032,0.055,0.048,0.034,0.040999999999999995,0.026000000000000002,0.035,0.036000000000000004,0.055999999999999994,0.034,0.037000000000000005,0.028999999999999998,0.028999999999999998,0.040999999999999995,0.032,0.025,0.031,0.040999999999999995,0.044000000000000004,0.026000000000000002,0.031,0.031,0.040999999999999995,0.033,0.053,0.03,0.035,0.028999999999999998,0.042,0.025,0.032,0.05,0.037000000000000005,0.037000000000000005,0.022000000000000002,0.04,0.03,0.038,0.044000000000000004,0.034,0.031,0.027999999999999997,0.034,0.035,0.026000000000000002,0.021,0.027999999999999997,0.045,0.048,0.031,0.033
2019-05-01,0.031,0.055,0.048,0.034,0.040999999999999995,0.025,0.035,0.037000000000000005,0.054000000000000006,0.033,0.036000000000000004,0.027999999999999997,0.028999999999999998,0.04,0.032,0.025,0.031,0.040999999999999995,0.043,0.026000000000000002,0.031,0.031,0.040999999999999995,0.033,0.054000000000000006,0.028999999999999998,0.035,0.028999999999999998,0.039,0.025,0.032,0.049,0.037000000000000005,0.038,0.021,0.039,0.03,0.038,0.043,0.034,0.028999999999999998,0.027999999999999997,0.033,0.034,0.026000000000000002,0.021,0.027000000000000003,0.043,0.047,0.032,0.034
2019-06-01,0.028999999999999998,0.055,0.048,0.034,0.04,0.025,0.035,0.037000000000000005,0.053,0.033,0.036000000000000004,0.026000000000000002,0.028999999999999998,0.038,0.032,0.026000000000000002,0.031,0.040999999999999995,0.043,0.026000000000000002,0.032,0.03,0.042,0.033,0.054000000000000006,0.028999999999999998,0.035,0.03,0.037000000000000005,0.026000000000000002,0.032,0.049,0.037000000000000005,0.038,0.02,0.04,0.03,0.037000000000000005,0.043,0.035,0.027999999999999997,0.027999999999999997,0.033,0.034,0.026000000000000002,0.022000000000000002,0.026000000000000002,0.043,0.048,0.032,0.035
2019-07-01,0.028999999999999998,0.055,0.048,0.034,0.04,0.025,0.035,0.038,0.051,0.032,0.036000000000000004,0.024,0.03,0.038,0.032,0.026000000000000002,0.031,0.040999999999999995,0.044000000000000004,0.027000000000000003,0.034,0.03,0.042,0.033,0.055999999999999994,0.028999999999999998,0.036000000000000004,0.031,0.037000000000000005,0.026000000000000002,0.033,0.048,0.038,0.039,0.02,0.040999999999999995,0.031,0.037000000000000005,0.044000000000000004,0.036000000000000004,0.026000000000000002,0.028999999999999998,0.033,0.035,0.025,0.023,0.026000000000000002,0.042,0.049,0.033,0.037000000000000005
2019-08-01,0.028999999999999998,0.055,0.049,0.035,0.040999999999999995,0.025,0.035,0.038,0.051,0.032,0.035,0.022000000000000002,0.03,0.037000000000000005,0.033,0.027000000000000003,0.031,0.040999999999999995,0.046,0.027000000000000003,0.035,0.03,0.042,0.034,0.055999999999999994,0.03,0.036000000000000004,0.031,0.037000000000000005,0.026000000000000002,0.034,0.047,0.038,0.039,0.02,0.042,0.032,0.037000000000000005,0.045,0.036000000000000004,0.025,0.028999999999999998,0.033,0.035,0.025,0.024,0.026000000000000002,0.042,0.049,0.033,0.038
2019-09-01,0.028999999999999998,0.054000000000000006,0.048,0.035,0.040999999999999995,0.025,0.035,0.038,0.05,0.031,0.035,0.02,0.03,0.037000000000000005,0.033,0.027000000000000003,0.031,0.040999999999999995,0.047,0.027999999999999997,0.036000000000000004,0.03,0.040999999999999995,0.035,0.055999999999999994,0.031,0.036000000000000004,0.032,0.038,0.027000000000000003,0.035,0.047,0.039,0.039,0.021,0.043,0.032,0.036000000000000004,0.045,0.036000000000000004,0.024,0.027999999999999997,0.034,0.036000000000000004,0.025,0.025,0.026000000000000002,0.042,0.05,0.033,0.04
2019-10-01,0.03,0.053,0.048,0.035,0.040999999999999995,0.025,0.035,0.038,0.049,0.03,0.035,0.019,0.03,0.037000000000000005,0.033,0.027000000000000003,0.031,0.04,0.048,0.028999999999999998,0.037000000000000005,0.03,0.04,0.036000000000000004,0.055,0.032,0.036000000000000004,0.032,0.039,0.027000000000000003,0.035,0.048,0.039,0.039,0.021,0.043,0.032,0.035,0.046,0.036000000000000004,0.025,0.027999999999999997,0.034,0.035,0.025,0.026000000000000002,0.027000000000000003,0.040999999999999995,0.05,0.033,0.040999999999999995
2019-11-01,0.031,0.052000000000000005,0.049,0.035,0.040999999999999995,0.026000000000000002,0.035,0.037000000000000005,0.05,0.028999999999999998,0.034,0.019,0.03,0.036000000000000004,0.033,0.027000000000000003,0.031,0.04,0.049,0.028999999999999998,0.037000000000000005,0.03,0.039,0.036000000000000004,0.055,0.033,0.037000000000000005,0.031,0.039,0.027000000000000003,0.036000000000000004,0.049,0.039,0.038,0.02,0.043,0.031,0.034,0.046,0.035,0.025,0.027000000000000003,0.035,0.035,0.025,0.026000000000000002,0.027000000000000003,0.04,0.05,0.032,0.042
2019-12-01,0.032,0.052000000000000005,0.049,0.035,0.040999999999999995,0.026000000000000002,0.035,0.037000000000000005,0.051,0.028999999999999998,0.035,0.02,0.03,0.036000000000000004,0.033,0.026000000000000002,0.031,0.04,0.051,0.028999999999999998,0.038,0.03,0.038,0.037000000000000005,0.055,0.033,0.037000000000000005,0.031,0.038,0.027000000000000003,0.036000000000000004,0.051,0.039,0.038,0.02,0.044000000000000004,0.031,0.034,0.047,0.036000000000000004,0.026000000000000002,0.027000000000000003,0.036000000000000004,0.035,0.025,0.026000000000000002,0.027000000000000003,0.039,0.05,0.032,0.044000000000000004
2020-01-01,0.033,0.052000000000000005,0.05,0.035,0.040999999999999995,0.027000000000000003,0.034,0.037000000000000005,0.053,0.027999999999999997,0.035,0.021,0.03,0.037000000000000005,0.034,0.026000000000000002,0.031,0.04,0.052000000000000005,0.028999999999999998,0.04,0.03,0.038,0.038,0.055,0.033,0.037000000000000005,0.03,0.038,0.027000000000000003,0.035,0.052000000000000005,0.039,0.037000000000000005,0.021,0.045,0.031,0.034,0.048,0.036000000000000004,0.027999999999999997,0.027000000000000003,0.036000000000000004,0.034,0.025,0.025,0.026000000000000002,0.039,0.051,0.031,0.047
2020-02-01,0.034,0.052000000000000005,0.05,0.036000000000000004,0.040999999999999995,0.027999999999999997,0.034,0.037000000000000005,0.054000000000000006,0.027000000000000003,0.036000000000000004,0.022000000000000002,0.03,0.038,0.034,0.026000000000000002,0.031,0.040999999999999995,0.052000000000000005,0.027999999999999997,0.042,0.028999999999999998,0.038,0.039,0.057,0.033,0.037000000000000005,0.03,0.04,0.027000000000000003,0.035,0.054000000000000006,0.039,0.037000000000000005,0.022000000000000002,0.046,0.032,0.034,0.05,0.037000000000000005,0.028999999999999998,0.026000000000000002,0.036000000000000004,0.035,0.026000000000000002,0.026000000000000002,0.027000000000000003,0.039,0.051,0.03,0.049
2020-03-01,0.036000000000000004,0.052000000000000005,0.051,0.049,0.055,0.048,0.034,0.05,0.055,0.045,0.037000000000000005,0.022000000000000002,0.027999999999999997,0.049,0.035,0.026000000000000002,0.031,0.040999999999999995,0.068,0.027000000000000003,0.042,0.028999999999999998,0.038,0.04,0.057999999999999996,0.035,0.036000000000000004,0.043,0.08,0.026000000000000002,0.033,0.061,0.039,0.039,0.025,0.048,0.032,0.035,0.052000000000000005,0.036000000000000004,0.03,0.025,0.036000000000000004,0.051,0.025,0.027000000000000003,0.028999999999999998,0.053,0.052000000000000005,0.028999999999999998,0.052000000000000005
2020-04-01,0.13699999999999998,0.11900000000000001,0.139,0.1,0.159,0.11599999999999999,0.08,0.131,0.111,0.132,0.12300000000000001,0.22399999999999998,0.11800000000000001,0.174,0.168,0.105,0.122,0.165,0.135,0.091,0.095,0.171,0.22699999999999998,0.09,0.154,0.11199999999999999,0.122,0.08199999999999999,0.285,0.162,0.155,0.095,0.162,0.142,0.083,0.16399999999999998,0.126,0.133,0.165,0.184,0.11599999999999999,0.08800000000000001,0.159,0.126,0.1,0.14300000000000002,0.11599999999999999,0.168,0.155,0.141,0.054000000000000006
2020-05-01,0.10400000000000001,0.11900000000000001,0.11,0.087,0.161,0.11800000000000001,0.114,0.133,0.09,0.139,0.096,0.209,0.08900000000000001,0.145,0.12300000000000001,0.08,0.09,0.126,0.12300000000000001,0.092,0.095,0.155,0.192,0.10800000000000001,0.11,0.092,0.091,0.063,0.23399999999999999,0.11800000000000001,0.158,0.098,0.165,0.115,0.07,0.127,0.09699999999999999,0.122,0.131,0.156,0.091,0.066,0.121,0.11800000000000001,0.076,0.095,0.096,0.132,0.122,0.10400000000000001,0.086
2020-06-01,0.087,0.113,0.095,0.076,0.141,0.11,0.111,0.127,0.08800000000000001,0.11599999999999999,0.084,0.177,0.073,0.127,0.102,0.065,0.07200000000000001,0.051,0.11,0.066,0.086,0.14400000000000002,0.146,0.087,0.092,0.077,0.07400000000000001,0.051,0.185,0.09699999999999999,0.145,0.095,0.13699999999999998,0.096,0.064,0.11,0.08,0.105,0.115,0.135,0.078,0.053,0.10099999999999999,0.10099999999999999,0.062,0.076,0.085,0.114,0.10400000000000001,0.086,0.07200000000000001
2020-07-01,0.077,0.11199999999999999,0.086,0.071,0.134,0.066,0.11199999999999999,0.077,0.09,0.125,0.077,0.162,0.063,0.115,0.08800000000000001,0.057999999999999996,0.064,0.057,0.105,0.063,0.081,0.127,0.126,0.079,0.08199999999999999,0.07,0.065,0.044000000000000004,0.168,0.083,0.14300000000000002,0.096,0.127,0.086,0.062,0.099,0.07200000000000001,0.095,0.106,0.122,0.07200000000000001,0.048,0.08800000000000001,0.09300000000000001,0.054000000000000006,0.064,0.079,0.102,0.094,0.076,0.066
2020-08-01,0.066,0.078,0.076,0.062,0.11900000000000001,0.062,0.095,0.075,0.08800000000000001,0.08900000000000001,0.069,0.139,0.053,0.098,0.07200000000000001,0.051,0.055999999999999994,0.052000000000000005,0.094,0.046,0.07200000000000001,0.106,0.099,0.069,0.07400000000000001,0.064,0.054000000000000006,0.037000000000000005,0.147,0.068,0.128,0.09300000000000001,0.11,0.07200000000000001,0.057999999999999996,0.084,0.062,0.081,0.095,0.102,0.063,0.043,0.075,0.081,0.046,0.051,0.07,0.087,0.083,0.062,0.059000000000000004
2020-09-01,0.061,0.077,0.07200000000000001,0.057999999999999996,0.10300000000000001,0.064,0.08900000000000001,0.076,0.087,0.087,0.064,0.142,0.048,0.09,0.063,0.048,0.052000000000000005,0.051,0.08900000000000001,0.044000000000000004,0.068,0.099,0.087,0.062,0.071,0.06,0.05,0.033,0.136,0.061,0.083,0.08800000000000001,0.10300000000000001,0.065,0.055999999999999994,0.076,0.057999999999999996,0.075,0.08900000000000001,0.096,0.059000000000000004,0.04,0.069,0.077,0.043,0.045,0.063,0.079,0.076,0.057,0.055999999999999994
2020-10-01,0.053,0.073,0.067,0.054000000000000006,0.095,0.061,0.081,0.053,0.08199999999999999,0.07200000000000001,0.055999999999999994,0.121,0.043,0.081,0.055,0.045,0.047,0.049,0.08,0.040999999999999995,0.062,0.086,0.075,0.055,0.068,0.055,0.045,0.028999999999999998,0.121,0.052000000000000005,0.075,0.084,0.09300000000000001,0.057999999999999996,0.053,0.068,0.054000000000000006,0.068,0.083,0.069,0.053,0.037000000000000005,0.061,0.071,0.039,0.04,0.055999999999999994,0.071,0.069,0.05,0.053
2020-11-01,0.048,0.07200000000000001,0.065,0.052000000000000005,0.092,0.062,0.078,0.054000000000000006,0.078,0.067,0.053,0.10800000000000001,0.042,0.077,0.051,0.045,0.044000000000000004,0.049,0.07400000000000001,0.040999999999999995,0.061,0.081,0.071,0.05,0.068,0.053,0.042,0.027999999999999997,0.11199999999999999,0.048,0.075,0.08,0.091,0.055999999999999994,0.051,0.065,0.053,0.066,0.08,0.068,0.051,0.036000000000000004,0.057,0.069,0.037000000000000005,0.038,0.052000000000000005,0.067,0.065,0.048,0.052000000000000005
2020-12-01,0.044000000000000004,0.073,0.063,0.05,0.092,0.064,0.077,0.055999999999999994,0.075,0.065,0.051,0.098,0.042,0.075,0.048,0.045,0.042,0.049,0.07,0.044000000000000004,0.063,0.077,0.07,0.046,0.067,0.051,0.04,0.027999999999999997,0.10800000000000001,0.045,0.07400000000000001,0.079,0.08800000000000001,0.055999999999999994,0.05,0.062,0.052000000000000005,0.066,0.077,0.067,0.049,0.035,0.055,0.069,0.035,0.038,0.05,0.065,0.062,0.047,0.051
2021-01-01,0.04,0.071,0.061,0.049,0.08800000000000001,0.062,0.073,0.057,0.069,0.06,0.048,0.083,0.04,0.071,0.045,0.044000000000000004,0.038,0.048,0.065,0.044000000000000004,0.059000000000000004,0.071,0.064,0.042,0.066,0.05,0.038,0.027000000000000003,0.102,0.042,0.073,0.07400000000000001,0.086,0.055,0.047,0.06,0.05,0.064,0.075,0.063,0.046,0.033,0.052000000000000005,0.067,0.033,0.039,0.048,0.063,0.059000000000000004,0.045,0.051
2021-02-01,0.038,0.07,0.06,0.048,0.086,0.062,0.07200000000000001,0.057,0.067,0.055999999999999994,0.046,0.073,0.04,0.069,0.043,0.044000000000000004,0.036000000000000004,0.047,0.063,0.046,0.057,0.067,0.063,0.039,0.065,0.049,0.037000000000000005,0.027000000000000003,0.098,0.04,0.07200000000000001,0.073,0.084,0.054000000000000006,0.045,0.057999999999999996,0.048,0.062,0.073,0.061,0.044000000000000004,0.032,0.05,0.066,0.031,0.039,0.046,0.061,0.057999999999999996,0.044000000000000004,0.05
2021-03-01,0.037000000000000005,0.07,0.057999999999999996,0.046,0.084,0.061,0.07,0.057999999999999996,0.066,0.054000000000000006,0.044000000000000004,0.066,0.039,0.067,0.042,0.044000000000000004,0.035,0.047,0.061,0.048,0.057,0.064,0.062,0.037000000000000005,0.064,0.048,0.036000000000000004,0.026000000000000002,0.092,0.039,0.069,0.07200000000000001,0.079,0.052000000000000005,0.043,0.057,0.047,0.061,0.071,0.06,0.043,0.032,0.049,0.064,0.03,0.038,0.045,0.057999999999999996,0.055999999999999994,0.043,0.05
2021-04-01,0.036000000000000004,0.07,0.055999999999999994,0.045,0.083,0.061,0.07,0.057999999999999996,0.068,0.051,0.043,0.063,0.038,0.066,0.040999999999999995,0.045,0.035,0.047,0.061,0.05,0.057,0.063,0.062,0.035,0.062,0.047,0.036000000000000004,0.026000000000000002,0.086,0.038,0.07,0.073,0.078,0.051,0.04,0.055999999999999994,0.045,0.059000000000000004,0.069,0.061,0.042,0.032,0.048,0.062,0.028999999999999998,0.037000000000000005,0.043,0.057,0.055,0.043,0.048
2021-05-01,0.036000000000000004,0.068,0.054000000000000006,0.044000000000000004,0.079,0.057999999999999996,0.067,0.057,0.069,0.049,0.040999999999999995,0.059000000000000004,0.037000000000000005,0.065,0.04,0.045,0.034,0.047,0.059000000000000004,0.049,0.057,0.059000000000000004,0.062,0.034,0.06,0.045,0.036000000000000004,0.025,0.078,0.037000000000000005,0.066,0.07200000000000001,0.07400000000000001,0.05,0.038,0.054000000000000006,0.044000000000000004,0.055999999999999994,0.067,0.06,0.040999999999999995,0.032,0.046,0.059000000000000004,0.027999999999999997,0.036000000000000004,0.040999999999999995,0.055,0.054000000000000006,0.040999999999999995,0.047
2021-06-01,0.035,0.068,0.052000000000000005,0.042,0.079,0.059000000000000004,0.067,0.057,0.07200000000000001,0.048,0.04,0.059000000000000004,0.037000000000000005,0.065,0.039,0.045,0.035,0.048,0.057999999999999996,0.05,0.061,0.06,0.063,0.034,0.057999999999999996,0.044000000000000004,0.036000000000000004,0.025,0.07200000000000001,0.036000000000000004,0.071,0.073,0.07400000000000001,0.05,0.036000000000000004,0.053,0.042,0.054000000000000006,0.066,0.062,0.040999999999999995,0.032,0.044000000000000004,0.059000000000000004,0.027999999999999997,0.035,0.04,0.054000000000000006,0.053,0.04,0.046
2021-07-01,0.034,0.065,0.049,0.04,0.07400000000000001,0.055999999999999994,0.063,0.055,0.071,0.045,0.039,0.055,0.036000000000000004,0.062,0.037000000000000005,0.044000000000000004,0.034,0.048,0.055,0.049,0.061,0.057,0.062,0.033,0.055999999999999994,0.043,0.035,0.025,0.066,0.035,0.066,0.07,0.069,0.049,0.034,0.051,0.039,0.051,0.064,0.06,0.04,0.032,0.042,0.055999999999999994,0.027000000000000003,0.033,0.038,0.052000000000000005,0.051,0.038,0.045
2021-08-01,0.033,0.063,0.045,0.038,0.07,0.053,0.061,0.053,0.069,0.043,0.037000000000000005,0.053,0.035,0.06,0.034,0.043,0.032,0.048,0.052000000000000005,0.048,0.062,0.055,0.06,0.033,0.053,0.040999999999999995,0.034,0.025,0.06,0.034,0.065,0.068,0.066,0.048,0.033,0.049,0.035,0.049,0.061,0.057999999999999996,0.039,0.032,0.04,0.054000000000000006,0.026000000000000002,0.032,0.036000000000000004,0.05,0.048,0.036000000000000004,0.043
2021-09-01,0.032,0.059000000000000004,0.042,0.035,0.064,0.047,0.055999999999999994,0.05,0.065,0.039,0.035,0.048,0.034,0.055,0.031,0.040999999999999995,0.03,0.047,0.048,0.045,0.057999999999999996,0.051,0.057,0.032,0.05,0.04,0.032,0.025,0.055999999999999994,0.032,0.057999999999999996,0.062,0.06,0.045,0.032,0.047,0.032,0.045,0.057999999999999996,0.054000000000000006,0.038,0.031,0.038,0.051,0.025,0.032,0.034,0.048,0.046,0.034,0.042
2021-10-01,0.031,0.057,0.039,0.034,0.061,0.045,0.054000000000000006,0.049,0.063,0.037000000000000005,0.034,0.047,0.032,0.053,0.027999999999999997,0.04,0.028999999999999998,0.046,0.046,0.044000000000000004,0.057,0.05,0.054000000000000006,0.031,0.047,0.04,0.03,0.024,0.054000000000000006,0.031,0.055,0.061,0.057,0.044000000000000004,0.032,0.045,0.028999999999999998,0.044000000000000004,0.055999999999999994,0.05,0.036000000000000004,0.03,0.037000000000000005,0.05,0.023,0.031,0.034,0.046,0.043,0.032,0.04
2021-11-01,0.031,0.055,0.039,0.033,0.057999999999999996,0.043,0.052000000000000005,0.048,0.061,0.035,0.033,0.044000000000000004,0.032,0.051,0.027000000000000003,0.039,0.027999999999999997,0.046,0.045,0.042,0.054000000000000006,0.048,0.052000000000000005,0.031,0.047,0.039,0.028999999999999998,0.024,0.053,0.03,0.051,0.06,0.054000000000000006,0.042,0.031,0.045,0.027999999999999997,0.042,0.055,0.047,0.036000000000000004,0.028999999999999998,0.036000000000000004,0.049,0.023,0.031,0.033,0.045,0.043,0.031,0.04
2021-12-01,0.031,0.055,0.039,0.033,0.057999999999999996,0.042,0.051,0.048,0.061,0.035,0.033,0.043,0.031,0.051,0.027000000000000003,0.039,0.027999999999999997,0.046,0.044000000000000004,0.040999999999999995,0.054000000000000006,0.046,0.051,0.03,0.047,0.039,0.028999999999999998,0.023,0.053,0.03,0.051,0.059000000000000004,0.054000000000000006,0.040999999999999995,0.031,0.045,0.027999999999999997,0.042,0.055,0.045,0.036000000000000004,0.028999999999999998,0.036000000000000004,0.048,0.023,0.031,0.033,0.045,0.043,0.031,0.04
2022-01-01,0.031,0.055999999999999994,0.037000000000000005,0.032,0.057,0.042,0.053,0.048,0.063,0.035,0.032,0.043,0.03,0.05,0.024,0.037000000000000005,0.026000000000000002,0.044000000000000004,0.043,0.040999999999999995,0.054000000000000006,0.048,0.049,0.028999999999999998,0.046,0.038,0.027000000000000003,0.022000000000000002,0.052000000000000005,0.028999999999999998,0.051,0.059000000000000004,0.053,0.039,0.031,0.043,0.027000000000000003,0.042,0.054000000000000006,0.042,0.035,0.027999999999999997,0.035,0.048,0.022000000000000002,0.03,0.033,0.044000000000000004,0.040999999999999995,0.03,0.038
2022-02-01,0.03,0.053,0.036000000000000004,0.031,0.053,0.04,0.049,0.046,0.061,0.033,0.032,0.042,0.027999999999999997,0.048,0.023,0.035,0.025,0.042,0.043,0.04,0.05,0.047,0.047,0.027000000000000003,0.045,0.037000000000000005,0.026000000000000002,0.021,0.051,0.027000000000000003,0.046,0.055999999999999994,0.049,0.037000000000000005,0.028999999999999998,0.042,0.026000000000000002,0.04,0.051,0.039,0.035,0.026000000000000002,0.034,0.047,0.021,0.028999999999999998,0.032,0.043,0.039,0.028999999999999998,0.036000000000000004
2022-03-01,0.028999999999999998,0.049,0.033,0.031,0.048,0.037000000000000005,0.046,0.045,0.06,0.032,0.031,0.040999999999999995,0.027000000000000003,0.047,0.022000000000000002,0.033,0.024,0.04,0.042,0.036000000000000004,0.046,0.043,0.044000000000000004,0.025,0.042,0.036000000000000004,0.023,0.02,0.05,0.024,0.042,0.053,0.046,0.035,0.028999999999999998,0.040999999999999995,0.027000000000000003,0.038,0.049,0.034,0.034,0.025,0.032,0.044000000000000004,0.02,0.026000000000000002,0.03,0.040999999999999995,0.037000000000000005,0.027999999999999997,0.034
2022-04-01,0.027999999999999997,0.048,0.032,0.032,0.046,0.036000000000000004,0.044000000000000004,0.045,0.057999999999999996,0.03,0.031,0.040999999999999995,0.026000000000000002,0.046,0.022000000000000002,0.03,0.024,0.039,0.040999999999999995,0.033,0.042,0.040999999999999995,0.043,0.022000000000000002,0.040999999999999995,0.034,0.023,0.019,0.05,0.023,0.040999999999999995,0.053,0.045,0.034,0.027999999999999997,0.04,0.027000000000000003,0.037000000000000005,0.048,0.032,0.033,0.023,0.032,0.043,0.019,0.025,0.03,0.040999999999999995,0.036000000000000004,0.027999999999999997,0.033
2022-05-01,0.027000000000000003,0.047,0.032,0.032,0.043,0.035,0.042,0.045,0.057,0.03,0.03,0.042,0.025,0.046,0.022000000000000002,0.027000000000000003,0.023,0.038,0.04,0.032,0.04,0.039,0.043,0.02,0.04,0.031,0.024,0.019,0.049,0.021,0.039,0.051,0.044000000000000004,0.034,0.026000000000000002,0.039,0.027999999999999997,0.036000000000000004,0.046,0.028999999999999998,0.033,0.023,0.033,0.042,0.02,0.023,0.03,0.039,0.035,0.028999999999999998,0.032
