index,purchase_index,fixed_mortgage_30,adjustable_mortgage,fixed_mortgage_15,all_items,all_items_no_fe,shelter,nominal_gdp,personal_income,population,per_capita_income,household_dti,housing_price_index,initial_claims,continued_claims,insured_employees,initial_claims_rate,continued_claims_rate
2010-03-31,211.2,4.967456020423436,4.097238726379996,4.329988452625095,125.442,119.908,130.904,4887949.133333333,4103679.366666666,308468490.0,13303.394200661036,1.729298586674341,91.4844053463289,417736.25,5196732.25,129268605.0,0.32139113202624275,4.016554488406214
2010-05-31,251.08,4.886055071754107,3.9498473262772738,4.276726963113926,125.678,119.945,130.916,4935523.088888889,4153983.344444445,308865301.3333334,13449.085160045006,1.701720589176204,90.93662961892898,407236.0000000001,4343903.4,127442396.0,0.3179045108886709,3.403116697447425
2010-06-30,203.09,4.737211449449287,3.8971342725085667,4.174801527180171,125.521,119.948,131.135,4959310.066666666,4179135.3333333335,309063707.0,13521.924060394449,1.6879443070820683,90.66279803782656,443248.25,4252867.0,127437256.0,0.3428167744481176,3.335327419096651
2010-07-31,173.95,4.563959594130014,3.7876812008962073,4.039851112230344,125.536,119.958,131.258,4976921.799999999,4194508.5,309288228.6666666,13561.751610429566,1.6875854609961396,90.95633812138459,447882.4000000001,4388898.400000001,125938243.2,0.34780567461499334,3.4787889586037695
2010-09-30,173.34,4.345883951761935,3.5419502408406474,3.809755768995745,125.83,120.328,131.158,5012145.266666668,4225254.833333333,309737272.0,13641.405307916359,1.6868721190955882,91.54330681682055,364263.0,3803878.75,125916185.0,0.286900863379137,3.018338570870425
2010-10-31,184.72,4.224793521093676,3.4498250699297746,3.6596201341808743,125.969,120.427,131.228,5030543.411111112,4241483.933333334,309959903.0,13683.900604528742,1.6829577414840438,91.33149876464324,424279.20000000007,3688604.5999999996,125004246.00000001,0.3360184288331398,2.9493073664602494
2010-11-30,177.75,4.297746270806905,3.370833070466426,3.6805178904355107,125.92,120.329,131.29,5048941.555555554,4257713.033333334,310182534.0,13726.401658101073,1.6790445784397063,91.11967575469002,465868.0,3821004.75,124974306.0,0.35904853377188234,3.0454740791276427
2010-12-31,196.47,4.7088257631226975,3.6724703647054904,4.052324616796251,126.143,120.171,131.421,5067339.699999998,4273942.133333333,310405165.0,13768.908456246212,1.6751326273492149,90.90783781914517,520162.75,4145145.75,125028966.5,0.40855464029706945,3.3073076764794065
2011-02-28,186.6,4.950861389347552,3.818030459942515,4.213377510873808,127.363,120.783,131.858,5076148.255555556,4351450.399999999,310779137.00000006,14001.610132597154,1.6603238738370558,89.25718160398011,388096.5,4444107.75,124647762.0,0.30750259787277456,3.5617448281050463
2011-03-31,178.47,4.835578717220394,3.666928140979707,4.07883437426441,128.585,121.103,132.057,5080552.533333334,4390204.533333333,310966123.0,14117.97975358021,1.6529142218429447,88.43192474679628,356444.0,4151029.25,124647695.25,0.2846640894467849,3.3283493767260732
2011-05-31,195.57,4.63710056496982,3.4421896440386455,3.8220540579760414,129.999,121.628,132.305,5126061.53333333,4412857.28888889,311341233.6666666,14173.668829014721,1.6485207723168327,87.40818383901482,367938.25,3475929.25,124696913.75,0.29374022836980385,2.7848311999112982
2011-06-30,197.33,4.509902966156598,3.2847305069891757,3.6938430753493448,129.846,121.77,132.671,5148816.033333333,4424183.666666667,311528789.0,14201.514761317932,1.6463283055732734,86.89636496192331,402922.25,3467535.75,124695204.25,0.3185939477332508,2.7789828487504185
2011-09-30,188.7,4.104890173778861,2.9897591924759954,3.317530232444627,130.635,122.641,133.292,5178367.733333334,4468090.133333334,312195098.0,14311.875379160076,1.6302913724442623,87.48516615617393,332520.25,3198911.75,124923592.0,0.2647477280152458,2.5583002157110983
2011-10-31,176.3,4.066127452479269,3.0267799003343216,3.346719240769865,130.373,122.885,133.549,5200126.866666668,4475872.2111111125,312418458.0,14326.532198617431,1.639847383837917,87.61105700754831,379244.3999999999,3126537.1999999997,125297915.0,0.30030962019715435,2.493851370417483
2011-11-30,171.81,3.99248276252192,2.954752567881564,3.3049924357034794,130.196,122.898,133.694,5221886.000000003,4483654.288888889,312641818.0,14341.187923156158,1.6493992975868157,87.73693797352365,423692.5,3311271.5,125302907.5,0.32438155869537516,2.627549436753285
2011-12-31,190.0,3.9577229522038064,2.883715422412464,3.245624369293581,129.844,122.811,133.931,5243645.133333332,4491436.366666666,312865178.0,14355.842555121299,1.6589471224671024,87.86280907527203,505682.19999999984,3706192.5999999996,125347647.79999998,0.38467325251581613,2.9385749287979124
2012-02-29,184.49,3.88969465648855,2.8124400589027476,3.162399440503547,130.953,123.397,134.504,5293635.933333334,4560029.544444445,313258253.3333333,14556.622642294275,1.5680419845824574,87.24969138675067,350403.25,3927116.5,125685743.0,0.27671652642978356,3.122456944295814
2012-03-31,171.4,3.952666466107279,2.8649172749653546,3.196870128917239,131.905,123.847,134.829,5318631.333333335,4594326.133333333,313454791.0,14657.030093023313,1.522571216185818,86.9432010635371,334920.6,3657634.9999999995,125711783.0,0.2629469382632495,2.9033378320992425
2012-05-31,190.31,3.7977112742000374,2.831937743714659,3.033618269423863,132.154,124.289,135.285,5349376.533333332,4628576.51111111,313838903.0,14748.171924892873,1.5728199490502075,86.65970066674055,328597.5,3063946.0,126216415.25,0.2593664916075018,2.4252243308115564
2012-06-30,188.73,3.6748850157257635,2.7997689859806636,2.9524094561945615,131.956,124.41,135.572,5364749.133333335,4645701.7,314030959.0,14793.740676472604,1.5979739895389644,86.51804446794688,381463.9999999999,3075463.8000000003,126236884.20000002,0.2941088376770071,2.434930216463231
2012-07-31,190.96,3.549368483831562,2.7395437196506958,2.844604534239813,131.731,124.439,135.794,5377251.944444444,4642371.855555554,314256561.0,14772.570143102961,1.5990333238927903,86.88387904684635,354511.25,3256715.0,126604303.25,0.2708725949168515,2.570086829846581
2012-09-30,178.15,3.4964091177904817,2.734844604991687,2.8014368079678498,132.988,124.909,136.144,5402257.566666666,4635712.166666666,314707765.0,14730.223937058981,1.601150751254255,87.61563882061506,310009.80000000005,2824121.9999999995,126619520.20000002,0.24179943955312344,2.2286065014388483
2012-10-31,189.98,3.382391153067265,2.73743829322323,2.6923254422405547,132.892,125.1,136.452,5413289.3,4688937.388888889,314931155.3333334,14888.545265578117,1.6007223786400586,87.83362898357476,349717.75,2761079.75,127167949.25,0.2717229782007955,2.1696122894399608
2012-11-30,190.29,3.351602430403628,2.7339765330638706,2.6617093734934865,132.208,125.011,136.566,5424321.033333332,4742162.611111111,315154545.6666666,15046.8783230378,1.6002930604563803,88.05168251150592,433309.75,2979094.75,127200252.0,0.32435554989923415,2.328975994511833
2012-12-31,200.04,3.3449028376550585,2.6999814813544676,2.657474169487696,131.77,124.781,136.748,5435352.766666668,4795387.833333333,315377936.0,15205.223084514277,1.5998627987125327,88.26979926975932,464786.4,3302364.9999999995,127203982.8,0.3459226182273059,2.582406585626465
2013-02-28,208.0,3.5324099518902545,2.629942747676165,2.767493212669683,133.204,125.509,137.453,5482110.833333332,4711995.033333333,315721919.3333334,14924.683926764756,1.51185105474773,88.54857094640695,336437.5,3573454.0,127711821.0,0.25840184843180775,2.794954924035778
2013-03-31,195.14,3.5645193767025023,2.6321919880955362,2.7572749891394492,133.558,125.855,137.758,5505489.866666666,4670298.633333334,315893911.0,14784.392218694375,1.4678271749622296,88.68807984631587,319079.0,3353268.0,127715401.2,0.2458033507218631,2.6225644697292942
2013-05-31,215.85,3.5290195070298904,2.609508990683676,2.7143004323890225,133.626,126.024,138.266,5521041.355555555,4701352.055555556,316249755.6666667,14865.895093429124,1.4553470266899322,89.57214189864453,306708.5,2755348.25,128304570.25,0.2369332168396824,2.144354808082718
2013-06-30,210.25,4.058116571670492,2.8439697791413265,3.156378090698222,133.9,126.099,138.58,5528817.099999999,4716878.766666668,316427678.0,14906.651568614256,1.4491065913021175,90.0143640523096,341745.0,2742220.0000000005,128316833.8,0.25834620353129467,2.1353703957638377
2013-07-31,212.6,4.368332385034164,3.171476449019118,3.42902674722486,133.919,126.137,138.874,5552192.844444446,4726863.455555555,316648724.6666667,14927.738198169858,1.4734021001078785,90.45076730891385,327506.75,2970071.75,128895490.25,0.2452399226759441,2.29862299561445
2013-09-30,187.01,4.48762303093674,3.167781476928218,3.520120164795085,134.255,126.668,139.239,5598944.333333333,4746832.833333333,317090818.0,14969.925713148003,1.5219797414508422,91.32401590969752,276640.5,2448171.0,128911949.5,0.2090530910783134,1.8916222697848903
2013-10-31,190.31,4.190933943216625,3.021502353588409,3.2733043210132546,133.876,126.818,139.431,5623715.122222222,4759542.088888888,317323352.3333333,14998.970704768011,1.5466591858186112,91.57402288389694,329530.0,2447249.0,129448945.75,0.25183801464227984,1.8880822587739103
2013-11-30,182.79,4.253795337171296,2.9647575049239197,3.2971782330608477,133.596,126.883,139.743,5648485.911111111,4772251.3444444435,317555886.6666667,15028.01971023487,1.571360713257749,91.82419168542958,367153.1999999999,2610951.2000000007,129470229.0,0.2743205507979397,2.0028546250860106
2013-12-31,187.75,4.457383124328735,2.972308371366515,3.4821341487061623,133.509,126.668,140.069,5673256.699999998,4784960.6,317788421.0,15057.072720737466,1.596084275291926,92.07452195905526,441790.0,2979115.75,129477162.25,0.32524382175044286,2.287055080882127
2014-02-28,184.29,4.301855554362002,3.064926590538336,3.349821955302809,134.542,127.249,140.802,5675623.166666666,4843014.600000001,318176809.0,15221.014605879436,1.4788216019572693,92.5944023871911,326228.75,3366401.75,130082659.0,0.24531876461839053,2.5852710363129514
2014-03-31,164.2,4.342011470438545,3.0595914989920514,3.359466377212486,135.375,127.64,141.31,5676806.3999999985,4872041.6,318371003.0,15303.009575280532,1.4201662700410957,92.85454044690432,289210.20000000007,3104003.4000000004,130086335.4,0.22042030209994737,2.380890856241573
2014-05-31,178.67,4.1911517147166295,3.005459186607739,3.2889696005724134,136.216,128.188,142.002,5747623.199999998,4928057.533333334,318758878.3333334,15460.026622439531,1.4549306058427987,94.04387430966597,279236.39999999997,2435844.6,130681167.0,0.21148126780732263,1.8608978233134783
2014-06-30,179.29,4.162351786313968,2.989381156311508,3.2645022924926947,136.433,128.232,142.272,5783031.6000000015,4956065.5,318952816.0,15538.541656969304,1.4723011487273105,94.63869585180586,305745.25,2367059.25,130690001.5,0.22874465486981546,1.8101706989476973
2014-07-31,179.53,4.129971014357134,2.9879411930880764,3.235943317089809,136.392,128.24,142.725,5814193.666666667,4980974.422222221,319186369.6666667,15605.114434364155,1.4700139884547567,95.0984542652719,287955.25,2492592.75,131302811.25,0.21194288931136016,1.8966022204166426
2014-09-30,168.8,4.161799342162742,3.0242974913920317,3.3064808670310537,136.211,128.489,143.164,5876517.799999999,5030792.266666667,319653477.0,15738.262780463983,1.465468253023207,96.01820960272238,239880.75,2062644.75,131315934.5,0.18147167629087985,1.5688535402111345
2014-10-31,165.8,4.033463477834195,2.9745780820431156,3.2066104360927232,135.891,128.76,143.5,5888634.588888889,5054018.222222222,319890974.6666666,15799.10102596059,1.4985618529209848,96.28100166956641,264875.75,2006147.25,131861471.25,0.19953713799585304,1.520368489117049
2014-11-30,169.32,3.9974076304215824,3.0023763994806596,3.187400064115584,135.107,128.571,143.729,5900751.377777778,5077244.177777777,320128472.3333334,15859.935896892457,1.5316767083081284,96.54390161943667,325618.3999999999,2168346.400000001,131882256.0,0.23904680311293808,1.6304858328355893
2014-12-31,167.52499999999998,3.863465833733202,2.977712295772272,3.1274507422310367,134.207,128.166,143.923,5912868.166666666,5100470.133333333,320365970.0,15920.76740076461,1.5648127719124914,96.80690921240168,373080.5,2467703.25,131882256.0,0.26692599406902995,1.8572911920178237
2015-02-28,169.45,3.708271801480134,2.9358686725694843,3.006353178616967,134.053,128.804,144.861,5943915.5444444455,5142945.911111111,320740988.6666667,16034.511847952966,1.4489973326638026,97.5225781351232,286148.5,2772381.5,132541427.0,0.21143417939755402,2.089630724290946
2015-03-31,177.75,3.7690087645330004,2.9646542617999816,3.0392564708415604,134.969,129.406,145.364,5959439.2333333315,5164183.800000001,320928498.0,16091.38924943857,1.391053719383154,97.88057256759728,248743.25,2592612.0,132542061.75,0.18600263165023811,1.9512455348641995
2015-05-31,201.95999999999998,3.8398301113172493,2.89247619789451,3.062151757022564,135.977,130.029,146.028,6004758.988888889,5195861.8,321314562.6666667,16170.60941614246,1.4047592455915137,98.93798571128116,246432.40000000014,2056356.7999999993,133356376.0,0.18289176441834112,1.5394070915188558
2015-06-30,206.675,3.981371543972067,2.987376345516874,3.1910863122119624,136.391,130.146,146.466,6027418.866666667,5211700.8,321507595.0,16210.196119623033,1.4116134243072342,99.4669812191311,272565.75,2069310.5,133357483.0,0.19875970612293117,1.5505809546429106
2015-07-31,201.3,4.045626239108313,2.9598648583865543,3.213743146292295,136.371,130.162,147.094,6039968.288888888,5224872.522222222,321735990.99999994,16239.592716041525,1.4348041732961976,99.94855903819258,262967.0,2205688.25,134025205.75,0.18822629389337672,1.6448763521536842
2015-09-30,204.4,3.8899097262355764,2.9174764682273464,3.0949596119405616,135.837,130.436,147.637,6065067.133333332,5251215.966666667,322192783.0,16298.356842255322,1.481251173147021,100.91235742799986,213325.25,1876802.25,134024034.25,0.15798379087579512,1.3992316769876108
2015-10-31,201.11999999999998,3.795678617547534,2.8899586202946694,3.0095915638799386,135.735,130.717,147.971,6067879.011111112,5261214.000000001,322421576.00000006,16317.777792906,1.4762768391976155,101.18953192482583,254833.39999999994,1826198.3999999997,134699351.2,0.18681402199537245,1.3550714194506948
2015-11-30,210.675,3.9420209919632785,2.994757920576676,3.1619168288157833,135.393,130.699,148.196,6070690.888888888,5271212.033333333,322650368.99999994,16337.1911782007,1.4713041536372908,101.46685853761828,302811.5,1997100.0,134739680.25,0.21528056230478862,1.4679960082944332
2015-12-31,219.225,3.963823096485522,3.0376912893745183,3.205754338767197,134.788,130.385,148.4,6073502.766666667,5281210.066666666,322879162.0,16356.597014221892,1.4663331129618875,101.74433694300781,344835.5,2271996.0,134750708.0,0.2448365529830418,1.6767156781113315
2016-02-29,217.375,3.6596339052710345,2.8297864714980947,2.9596986485256647,134.953,131.331,149.369,6094996.855555555,5296668.600000001,323260338.6666667,16385.116529537907,1.4488910915560795,102.38393027562762,253443.5,2610218.75,135314958.5,0.184872209414267,1.927109480652584
2016-03-31,226.15,3.693732055787816,2.895657240799633,2.9658974694945273,135.655,131.731,149.796,6105743.8999999985,5304397.866666666,323450927.0,16399.36590789448,1.4401581422260015,102.70395601312345,235777.25,2432780.5,135314659.5,0.1726914414001568,1.7958940831116743
2016-05-31,229.075,3.5997922385023013,2.8120891708520572,2.842090166818097,136.895,132.358,150.722,6146910.72222222,5323438.555555556,323843765.0,16438.259342122605,1.4466859802226535,103.999320835564,238667.25,1962426.25,136187916.0,0.17358987191219996,1.4389723325259542
2016-06-30,236.075,3.5669879378403033,2.7744953509851604,2.841169290406939,137.329,132.495,151.388,6167494.133333334,5332958.899999999,324040184.0,16457.70434992511,1.449951768488777,104.64728573765099,259188.5,1979865.5,136189748.5,0.18634408049251336,1.4526341866697414
2016-07-31,227.66,3.439782602663385,2.749372125361001,2.7473298152782393,137.007,132.38,151.691,6185666.999999999,5349602.511111111,324260164.0,16497.806737929528,1.4379995203113725,105.27228615349055,247769.59999999998,2082038.4,136842024.8,0.17537671590906181,1.519049747444609
2016-09-30,224.95,3.4597687753107125,2.8139630778401052,2.755874089545276,137.328,132.738,152.385,6222012.733333335,5382889.733333332,324700124.0,16578.032799084074,1.4140981360033078,106.5227744517215,197913.75,1777529.25,136840335.0,0.14399181265450944,1.2963431501608136
2016-10-31,215.42,3.4696397320520114,2.8273693347189206,2.7622381382719072,137.536,133.032,152.865,6243476.944444444,5400827.899999999,324910827.99999994,16622.436452956623,1.4452966116239019,106.8175809578573,240837.20000000004,1708611.4,137530022.8,0.17249419689103468,1.2413570384850905
2016-11-30,218.675,3.75747743314459,2.9808480568085067,3.017732474669933,137.253,132.972,153.11,6264941.155555556,5418766.066666666,325121532.00000006,16666.841710194924,1.4764950019155914,107.11248893224263,276922.75,1830373.5,137544523.0,0.19199296939719576,1.321548808711665
2016-12-31,230.525,4.195852223739956,3.224490699553064,3.425743447512009,137.221,132.818,153.501,6286405.366666667,5436704.233333333,325332236.0,16711.24856768369,1.5076933070441687,107.40749817772746,344127.60000000003,2164495.8,137564518.4,0.2393982959539488,1.5589296847222514
2017-02-28,226.175,4.167447590907758,3.1947730752762835,3.379852066862212,138.403,133.818,154.408,6327806.744444443,5490126.122222223,325666145.3333333,16858.062646022383,1.3884205088713972,107.94175085141624,233697.0,2424314.0,138157380.0,0.1663149238682372,1.7533672911560718
2017-03-31,237.175,4.194832228386329,3.213255488747466,3.412970003224009,138.461,133.834,154.744,6348507.433333333,5516837.066666667,325833100.0,16931.48623754513,1.3287607625229816,108.2091588057659,219457.25,2260559.75,138157543.25,0.15694618523060994,1.6350878221019516
2017-05-31,243.4,4.009660977320552,3.1172510195805967,3.254541462975168,138.922,134.054,155.472,6386160.588888888,5558116.777777778,326164334.00000006,17040.81013669222,1.3889707613154956,109.83441159211237,213361.75,1745255.0,138698690.75,0.15223807898090014,1.256618378193255
2017-06-30,252.575,3.903891786410069,3.13582666693671,3.1739672620392576,138.989,134.13,155.976,6404987.166666668,5578756.633333333,326329951.0,17095.47980396177,1.419096884570877,110.6473338973504,237004.0,1786303.75,138698694.0,0.16708138486664448,1.2860333207839472
2017-07-31,242.58,3.9671067200192778,3.219584300941886,3.2346550665071243,138.755,133.921,156.083,6431087.244444443,5599766.255555556,326524523.0,17149.560808329425,1.4359270415817669,111.23358785676976,231492.59999999998,1901711.9999999998,139220849.8,0.15974800684033155,1.3638177901676198
2017-09-30,233.68,3.804835742444152,3.1622889488748007,3.1047987117552336,139.878,134.438,157.146,6483287.4,5641785.5,326913667.0,17257.728005879508,1.4695901275798215,112.40636197552733,213154.00000000003,1635546.5999999996,139267833.20000002,0.14575656623724068,1.1690479698753349
2017-10-31,232.55,3.8947111544556585,3.1798903783161387,3.1995937060491078,139.782,134.76,157.683,6519003.366666667,5668743.000000001,327094684.6666667,17330.515545094593,1.4839880879878007,112.73866664062594,214479.0,1574519.25,139668631.0,0.1520855191749221,1.1257328402854927
2017-11-30,235.125,3.9218940148538266,3.2395025780520883,3.2877383233585955,139.72,134.618,157.851,6554719.333333333,5695700.5,327275702.3333333,17403.302292822566,1.4983905187938462,113.07106934245299,259494.75,1685081.0,139668631.0,0.17927286722487973,1.1960831751797398
2017-12-31,242.425,3.949861618573607,3.391853550540477,3.3846853340726364,139.546,134.524,158.264,6590435.3,5722657.999999999,327456720.0,17476.088250376008,1.5127974125842665,113.40356991842464,326381.4000000001,1990378.8,139674840.2,0.22093303583184076,1.411742556232869
2018-02-28,240.175,4.3288565871816385,3.594365565340678,3.7837652108033772,140.805,135.581,159.063,6646346.255555554,5770557.266666667,327721983.3333334,17608.037028822604,1.3729611755179327,114.49359371228698,215522.75,2237066.25,140467149.0,0.14993411598247022,1.5913911250981987
2018-03-31,248.92000000000002,4.443976612125024,3.6518530020256437,3.9099389310592567,141.142,136.045,159.665,6674301.733333332,5794506.899999999,327854615.0,17674.02623658864,1.303017395900831,115.03884546202895,205162.6,2057570.6000000008,140476769.39999998,0.14424356972949912,1.4621930362314726
2018-05-31,250.05,4.5855964417134185,3.789053877735655,4.065427924470507,142.146,136.46,160.731,6751106.022222221,5836808.344444445,328144276.3333333,17787.26977504007,1.3764844751036904,116.45397720176669,198058.25,1569540.75,140915106.0,0.13872675506369603,1.1125801762463015
2018-06-30,250.24,4.569793190480699,3.8169001564708176,4.039888610790293,142.349,136.572,161.007,6789508.166666667,5857959.066666666,328289107.0,17843.881157738204,1.4132401403084855,117.16182285565753,226574.40000000002,1585392.2,140935444.2,0.1535240366844931,1.1224847607786712
2018-07-31,248.2,4.5274848287080784,3.8341981442846165,4.0074578621419805,142.317,136.594,161.478,6807731.02222222,5882592.822222223,328460419.0,17909.506389744758,1.4264558720342548,117.64614081955352,198086.75,1723577.25,141467950.75,0.13649908292949076,1.216232396992662
2018-09-30,236.04000000000002,4.626557083008864,3.9374067999839055,4.079028722026839,142.489,136.814,162.096,6844176.733333333,5931860.333333333,328803043.0,18040.761803738333,1.4528968015030481,118.61510045930443,173879.19999999995,1412260.4000000001,141491720.8,0.11938734049237085,0.9960604423196625
2018-10-31,228.825,4.828918995930889,4.079446664715599,4.246707793871235,142.7,137.1,162.375,6861204.522222225,5951424.266666668,328963778.6666667,18091.378132928057,1.4562879387733396,118.75104111856884,199151.5,1358922.75,142097001.25,0.1378899587850548,0.9562469310354016
2018-11-30,227.475,4.865242262587073,4.105650662437963,4.281355349691635,142.238,137.029,162.652,6878232.311111113,5970988.199999999,329124514.3333333,18141.997077820786,1.4596806373095121,118.88707663594076,248667.75,1480784.75,142096907.0,0.1686289377814219,1.0358977560684617
2018-12-31,240.9,4.636393863174087,4.022197382819668,4.088697165707621,141.699,136.837,163.021,6895260.1000000015,5990552.133333333,329285250.0,18192.61863458607,1.4630748948252388,119.02320687250948,296131.6,1786358.5999999996,142101620.2,0.1968933615278151,1.2442022558676369
2019-02-28,242.625,4.369863324315449,3.867275986138955,3.799803145127856,142.571,137.891,164.177,6936608.744444446,6045320.4,329516264.6666666,18346.012076113286,1.3876566228049951,119.89713716980437,217985.25,2099862.75,142603816.0,0.1485458801281065,1.4705323102584613
2019-03-31,257.38,4.26109334005838,3.824464964022112,3.7150280850304376,143.297,138.214,164.845,6957283.066666666,6072704.533333332,329631772.0,18422.71076979598,1.349942565656193,120.33423652224278,193553.79999999996,1959156.4000000001,142607721.6,0.13436337371825532,1.3702256454481903
2019-05-31,265.275,4.071394131852109,3.649735801100749,3.5333352611973257,144.183,138.55,165.952,7021349.688888888,6096074.466666667,329883110.6666667,18479.48117440878,1.3957096606497843,121.65158789610538,190723.0,1514266.5,143193910.0,0.1318403666295692,1.056288274136319
2019-06-30,267.14,3.802016128191676,3.4742344838534254,3.2368364444459643,144.243,138.849,166.5,7053382.999999997,6107759.433333333,330008780.0,18507.856537980595,1.4185973823467073,122.31039424978331,219774.40000000002,1546540.8,143193910.0,0.14841704959887494,1.0780521081644117
2019-07-31,263.625,3.764822134387352,3.4649639247235466,3.202338098673031,144.409,138.978,166.903,7077290.066666666,6121126.377777779,330169981.3333333,18539.28861144466,1.4253374834684693,122.83004753977343,198203.75,1665355.5,143768789.0,0.133543409475857,1.1570875544377281
2019-09-30,262.1,3.6027804261658445,3.3811189977704914,3.1129855665606154,144.428,139.301,167.586,7125104.200000001,6147860.266666666,330492384.0,18602.161469285173,1.438815220139141,123.86950254751103,176253.25,1392884.5,143768789.0,0.12128744221959951,0.9673168462731737
2019-10-31,247.92499999999998,3.686488379696547,3.381724114317172,3.1412055972191135,144.629,139.45,167.534,7145937.611111111,6167800.544444445,330652119.6666666,18653.420719868027,1.4519079657166423,124.23810290424551,196987.75,1382358.0,144278066.0,0.1354391865346895,0.9572316768777568
2019-11-30,260.26,3.6946977041104208,3.4123480571663785,3.1572895688177827,144.518,139.422,167.743,7166771.022222225,6187740.822222223,330811855.3333334,18704.67526698397,1.4650068732860135,124.60678494137287,249671.0,1525787.7999999998,144280895.0,0.1675119275860209,1.049982869383339
2019-12-31,261.05,3.7198511675090122,3.392143847478112,3.177351308485329,144.251,139.15,168.046,7187604.4333333345,6207681.100000001,330971591.0,18755.925117443083,1.4781119339254345,124.97554854062987,300338.25,1846169.0,144287936.0,0.19692568963384802,1.267393235651352
2020-02-29,269.7,3.46492082118733,3.261910604651913,2.9699326584057957,145.193,140.333,169.3,7139824.699999998,6251910.522222223,331187823.00000006,18877.18957384414,1.3945576556746786,125.93376151633045,207286.60000000003,2061087.1999999997,144695661.2,0.14054385107314987,1.422812843842619
2020-03-31,251.975,3.444542382402242,3.155480142533113,2.880398145695812,144.913,140.354,169.491,7115934.833333334,6274025.233333334,331295939.0,18937.807292028614,1.3527685530128282,126.41302038042491,3794016.75,3879114.0,144695661.0,0.5605775073739081,1.8816259789794136
2020-05-31,259.88,3.231725701760792,3.162382690838021,2.691795139920714,144.018,139.498,169.95,6670851.588888889,6609042.3444444435,331397457.6666667,19942.842039899315,1.450875506614995,127.2714373148616,1900327.2000000002,20058608.399999995,145137126.0,1.2295701591627075,13.515620709444379
2020-06-30,313.9,3.1621315162446835,3.0924777392862945,2.602377423838156,144.847,139.808,170.154,6448309.966666667,6776550.9,331448217.0,20445.271144534974,1.4999399896564094,127.70075001104018,1419965.0,17449563.75,145137126.0,0.9510962439577644,11.96267584160592
2020-07-31,311.9,3.015662543757663,3.0211166446433344,2.5196985714834947,145.747,140.743,170.554,6632930.066666664,6712722.777777778,331497663.6666666,20249.79256298572,1.4982632835816998,128.44297641597595,1260867.75,16441326.0,145647754.75,0.8358672272826609,11.248609666470179
2020-09-30,320.45,2.8897413691521385,2.97285980984753,2.3846959983412814,146.417,141.5,170.852,7002170.266666667,6585066.533333333,331596557.0,19858.66995997489,1.4949173439203058,129.92785636278785,761880.0,11387565.0,145657580.25,0.5153716220155949,7.75030686758694
2020-10-31,307.62,2.833598234620394,2.887952839042918,2.3458531796115256,146.382,141.532,171.106,7039328.41111111,6559250.911111112,331642458.6666666,19778.03565191543,1.475436226226387,130.890314898624,751972.3999999998,7489325.399999999,145851585.6,0.5068500163017085,5.05895261060361
2020-11-30,313.725,2.764112649951089,2.9964857392249984,2.3047078538710757,146.242,141.569,171.238,7076486.555555555,6533435.288888889,331688360.3333334,19697.465637927457,1.4559561593468706,131.8529935956879,797077.25,5703226.0,145853934.0,0.5253680629788354,3.8845247914545746
2020-12-31,321.85,2.6838275609150717,2.7871878552591896,2.2173982106737027,146.408,141.491,171.421,7113644.700000001,6507619.666666667,331734262.0,19616.959891322087,1.436477142845559,132.81589236258935,874864.0,5315220.5,145853934.0,0.5731453424729398,3.626959345814737
2021-02-28,288.225,2.806676891237666,2.8296664720181472,2.2359499518768047,147.845,142.331,172.038,7237886.855555552,7024549.533333333,331715616.6666666,21176.503819285233,1.4155535331005724,134.97313628587617,748268.25,4746364.0,141180248.0,0.5167106834076816,3.3495604209642855
2021-03-31,295.625,3.0814820371714484,2.78193752443795,2.3918460629951452,148.746,142.757,172.502,7300007.933333333,7283014.466666667,331706294.0,21956.208164121643,1.4050964008789724,136.05214569540848,685929.75,4143756.25,141180248.0,0.4594416838432875,2.923665462132663
2021-05-31,269.54,2.962326004853344,2.6166510757717494,2.279890348978744,151.022,144.82,173.695,7455299.488888889,7016055.266666667,331752915.3333333,21148.49867477198,1.4084695006311863,141.11787500441554,427408.40000000014,3502581.7999999984,138535808.0,0.29616105126196746,2.5174616345102465
2021-06-30,262.9,2.9746218179729094,2.5591367636902405,2.2691969612853677,152.295,145.917,174.679,7532945.266666668,6882575.666666666,331776226.0,20744.613278846973,1.4101394826885545,143.65172106743722,380187.75,3228616.75,138535808.0,0.2689074758161007,2.317751383892565
2021-07-31,256.14,2.8661912335569673,2.493573842231507,2.1783052925584814,152.997,146.377,175.504,7583759.622222224,6899852.133333334,331867478.00000006,20790.970696007535,1.4177141753142037,146.3628359959537,352435.00000000006,3045588.8000000003,136900796.2,0.244915979398035,2.198965214448999
2021-09-30,275.15,2.8989662205002324,2.4535053511136753,2.1826936552570455,153.719,146.789,176.37,7685388.333333337,6934405.066666666,332049982.0,20883.61322070081,1.432884029790881,151.78730015458635,282804.5,2403803.5,136869939.0,0.19804812057298898,1.7344483974812521
2021-10-31,273.68,3.066513570057835,2.542413742622274,2.3063547378003966,154.958,147.677,176.993,7773926.133333333,6955129.344444445,332145582.00000006,20939.89225477885,1.4193698807597612,153.54062271410515,255731.19999999992,2019126.6,134972482.6,0.1829149166062557,1.4764574593382669
2021-11-30,291.825,3.066646612987264,2.5071729753500116,2.3561375798034447,155.672,148.24,177.682,7862463.933333336,6975853.622222222,332241181.99999994,20996.234462259257,1.4058561783905295,155.29453230724994,247755.0,1761122.0,134956039.5,0.17512836794272632,1.286773700827544
2021-12-31,289.3,3.097799126452359,2.43331305562319,2.3475327984282948,156.1,148.77,178.321,7951001.733333332,6996577.9,332336782.0,21052.639788624623,1.392342922297724,157.04902842742214,272592.25,1749507.5,134956157.0,0.19461266314666387,1.2787885258980785
