State,May 2012,Jun 2012,Jul 2012,Aug 2012,Sep 2012,Oct 2012,Nov 2012,Dec 2012,Jan 2013,Feb 2013,Mar 2013,Apr 2013,May 2013,Jun 2013,Jul 2013,Aug 2013,Sep 2013,Oct 2013,Nov 2013,Dec 2013,Jan 2014,Feb 2014,Mar 2014,Apr 2014,May 2014,Jun 2014,Jul 2014,Aug 2014,Sep 2014,Oct 2014,Nov 2014,Dec 2014,Jan 2015,Feb 2015,Mar 2015,Apr 2015,May 2015,Jun 2015,Jul 2015,Aug 2015,Sep 2015,Oct 2015,Nov 2015,Dec 2015,Jan 2016,Feb 2016,Mar 2016,Apr 2016,May 2016,Jun 2016,Jul 2016,Aug 2016,Sep 2016,Oct 2016,Nov 2016,Dec 2016,Jan 2017,Feb 2017,Mar 2017,Apr 2017,May 2017,Jun 2017,Jul 2017,Aug 2017,Sep 2017,Oct 2017,Nov 2017,Dec 2017,Jan 2018,Feb 2018,Mar 2018,Apr 2018,May 2018,Jun 2018,Jul 2018,Aug 2018,Sep 2018,Oct 2018,Nov 2018,Dec 2018,Jan 2019,Feb 2019,Mar 2019,Apr 2019,May 2019,Jun 2019,Jul 2019,Aug 2019,Sep 2019,Oct 2019,Nov 2019,Dec 2019,Jan 2020,Feb 2020,Mar 2020,Apr 2020,May 2020,Jun 2020,Jul 2020,Aug 2020,Sep 2020,Oct 2020,Nov 2020,Dec 2020,Jan 2021,Feb 2021,Mar 2021,Apr 2021,May 2021,Jun 2021,Jul 2021,Aug 2021,Sep 2021,Oct 2021,Nov 2021,Dec 2021,Jan 2022,Feb 2022,Mar 2022,Apr 2022,May 2022
Alabama,8.4,8.3,8.2,8.1,7.9,7.8,7.8,7.7,7.6,7.6,7.5,7.4,7.3,7.3,7.2,7.2,7.2,7.2,7.2,7.2,7.2,7.1,7.1,7,6.9,6.8,6.7,6.6,6.5,6.4,6.3,6.2,6.1,6.1,6.1,6.1,6.1,6.2,6.2,6.2,6.1,6.1,6.1,6.1,6.1,6,6,5.9,5.9,5.9,5.9,5.9,5.9,5.9,5.8,5.7,5.5,5.2,5,4.8,4.6,4.4,4.3,4.2,4.1,4,4,4,4,4,4,4,3.9,3.9,3.9,3.9,3.9,3.9,3.8,3.8,3.7,3.6,3.4,3.2,3.1,2.9,2.9,2.9,2.9,3,3.1,3.2,3.3,3.4,3.6,13.7,10.4,8.7,7.7,6.6,6.1,5.3,4.8,4.4,4,3.8,3.7,3.6,3.6,3.5,3.4,3.3,3.2,3.1,3.1,3.1,3.1,3,2.9,2.8,2.7
Alaska,7.3,7.3,7.2,7.2,7.1,7.1,7.1,7.1,7.1,7,7,7,7,7,7,7,7,7,6.9,6.9,6.9,6.9,6.9,6.9,6.9,6.9,6.8,6.8,6.7,6.5,6.4,6.3,6.2,6.3,6.3,6.3,6.3,6.3,6.2,6.2,6.2,6.3,6.3,6.4,6.4,6.5,6.5,6.5,6.6,6.6,6.6,6.7,6.7,6.7,6.7,6.7,6.6,6.6,6.5,6.5,6.5,6.5,6.5,6.5,6.5,6.5,6.5,6.4,6.3,6.2,6.1,6,5.9,5.9,5.9,5.8,5.8,5.9,5.9,5.9,5.8,5.7,5.6,5.5,5.5,5.5,5.5,5.5,5.4,5.3,5.2,5.2,5.2,5.2,5.2,11.9,11.9,11.3,11.2,7.8,7.7,7.3,7.2,7.3,7.1,7,7,7,6.8,6.8,6.5,6.3,5.9,5.7,5.5,5.5,5.6,5.3,4.9,4.8,4.7
Arizona,8.5,8.4,8.3,8.2,8.1,8.1,8.1,8.1,8.1,8.1,8,8,7.9,7.9,7.8,7.8,7.7,7.6,7.5,7.4,7.2,7.1,7,6.9,6.9,6.8,6.7,6.7,6.7,6.6,6.5,6.4,6.4,6.3,6.2,6.2,6.1,6.1,6.1,6,6,5.9,5.8,5.8,5.7,5.6,5.6,5.6,5.5,5.5,5.5,5.4,5.4,5.4,5.3,5.3,5.2,5.2,5.1,5,5,4.9,4.9,4.8,4.9,4.9,4.9,4.9,4.8,4.8,4.7,4.7,4.7,4.7,4.7,4.8,4.9,4.9,5,5,5,4.9,4.9,4.8,4.8,4.8,4.8,4.9,4.8,4.8,4.9,4.9,5,5,5.1,13.9,11,9.5,8.6,7.6,7.2,6.7,6.5,6.3,6.1,6,5.8,5.6,5.4,5.2,4.9,4.5,4.2,3.9,3.9,3.9,3.7,3.6,3.3,3.2,3.2
Arkansas,7.3,7.3,7.3,7.2,7.2,7.2,7.2,7.2,7.2,7.2,7.2,7.2,7.2,7.1,7.1,7.1,7,6.9,6.7,6.6,6.5,6.3,6.2,6,6,5.9,5.8,5.7,5.7,5.6,5.6,5.5,5.5,5.4,5.4,5.3,5.2,5.1,4.9,4.8,4.6,4.5,4.4,4.3,4.2,4.1,4,4,4,4,4,4,3.9,3.9,3.9,3.8,3.8,3.7,3.7,3.7,3.7,3.7,3.7,3.7,3.8,3.8,3.8,3.8,3.8,3.7,3.7,3.6,3.6,3.6,3.5,3.5,3.6,3.6,3.7,3.7,3.6,3.5,3.4,3.4,3.4,3.4,3.4,3.5,3.5,3.5,3.5,3.5,3.5,3.6,4.9,10,8.7,7.6,7.1,6.2,5.8,5.4,5.2,5,4.9,4.8,4.6,4.5,4.4,4.2,4,3.8,3.5,3.4,3.3,3.3,3.2,3.1,3.1,3.2,3.2
California,10.8,10.7,10.5,10.3,10.2,10,9.9,9.8,9.7,9.5,9.4,9.3,9.2,9.1,9,8.9,8.8,8.6,8.5,8.4,8.2,8.1,8,7.8,7.7,7.6,7.5,7.4,7.3,7.2,7.1,6.9,6.8,6.7,6.6,6.5,6.4,6.3,6.2,6,5.9,5.8,5.8,5.7,5.7,5.6,5.6,5.5,5.5,5.5,5.5,5.5,5.5,5.5,5.4,5.4,5.2,5.1,5,5,4.9,4.9,4.8,4.8,4.7,4.6,4.5,4.5,4.4,4.3,4.3,4.2,4.2,4.2,4.2,4.2,4.2,4.3,4.3,4.3,4.3,4.2,4.2,4.1,4.1,4,4,4.1,4.1,4.1,4.1,4.1,4.1,4.1,5.5,15.9,16.1,14.1,13.4,11.9,10.3,9.5,9.2,9.2,8.8,8.6,8.4,8.3,7.9,7.9,7.4,7,6.4,6.1,5.8,5.8,5.7,5.3,4.8,4.6,4.3
Colorado,8.2,8.2,8.1,7.9,7.8,7.6,7.5,7.4,7.3,7.2,7.1,7,6.9,6.8,6.8,6.7,6.5,6.4,6.2,6.1,6,5.8,5.6,5.4,5.2,5,4.8,4.6,4.5,4.4,4.3,4.2,4.1,4.1,4.1,4,3.9,3.8,3.7,3.6,3.5,3.4,3.4,3.3,3.3,3.3,3.3,3.3,3.3,3.2,3.2,3.1,3,3,2.9,2.7,2.6,2.5,2.4,2.4,2.4,2.5,2.6,2.7,2.8,2.8,2.8,2.8,2.8,2.9,2.9,2.9,3,3.1,3.1,3.1,3.1,3.1,3.1,3,2.9,2.8,2.7,2.6,2.5,2.5,2.5,2.5,2.5,2.5,2.6,2.6,2.7,2.8,4.8,11.6,11.8,11,6.6,6.2,6.4,6.1,6.2,6.4,6.2,6.2,6.1,6.1,5.8,5.9,5.6,5.3,4.7,4.5,4.3,4.2,4.2,4,3.7,3.6,3.5
Connecticut,8.4,8.4,8.4,8.4,8.4,8.3,8.3,8.3,8.3,8.3,8.2,8.2,8.1,8.1,8,7.9,7.8,7.6,7.5,7.4,7.2,7.1,6.9,6.8,6.7,6.6,6.6,6.5,6.4,6.3,6.2,6.1,6,5.9,5.8,5.8,5.7,5.6,5.6,5.5,5.4,5.4,5.4,5.3,5.2,5.2,5.1,5,4.9,4.9,4.8,4.7,4.7,4.7,4.6,4.6,4.6,4.5,4.5,4.5,4.4,4.4,4.4,4.4,4.4,4.3,4.3,4.3,4.2,4.2,4.1,4,4,3.9,3.9,3.8,3.8,3.8,3.8,3.7,3.7,3.6,3.6,3.5,3.5,3.5,3.5,3.5,3.5,3.5,3.5,3.5,3.4,3.4,3.4,8,11.4,11.1,11.2,9.5,8.9,8.1,7.8,7.7,7.3,7.2,7,7,6.7,6.7,6.3,6.1,5.6,5.4,5.2,5.1,5.3,4.9,4.6,4.4,4.2
Delaware,7.1,7.1,7.1,7.1,7.1,7.1,7.1,7.1,7.1,7,7,6.9,6.8,6.7,6.6,6.5,6.3,6.2,6.1,6.1,6,6,5.9,5.8,5.8,5.7,5.6,5.5,5.4,5.3,5.2,5.1,5,4.9,4.9,4.9,4.9,4.8,4.8,4.7,4.7,4.7,4.6,4.6,4.5,4.5,4.4,4.4,4.4,4.5,4.5,4.5,4.6,4.6,4.7,4.7,4.7,4.6,4.6,4.6,4.5,4.5,4.5,4.4,4.4,4.3,4.3,4.2,4.2,4.1,4,3.9,3.8,3.7,3.7,3.6,3.6,3.5,3.6,3.6,3.6,3.6,3.6,3.6,3.7,3.7,3.8,3.8,3.8,3.8,3.7,3.7,3.7,3.7,5,13.1,13.3,12.7,7.7,7.5,7.6,5.3,5.4,5.6,5.7,5.7,5.8,5.8,5.7,5.7,5.5,5.3,5,4.9,4.8,4.8,4.8,4.6,4.5,4.5,4.5
District of Columbia,9.1,9,8.8,8.7,8.6,8.6,8.6,8.7,8.7,8.7,8.7,8.6,8.5,8.5,8.5,8.4,8.3,8.2,8.1,8,7.9,7.9,7.8,7.8,7.8,7.8,7.7,7.7,7.6,7.6,7.5,7.4,7.4,7.3,7.2,7.2,7,6.9,6.8,6.8,6.7,6.6,6.6,6.5,6.4,6.3,6.2,6.1,6.1,6.1,6.2,6.2,6.3,6.3,6.3,6.3,6.3,6.2,6.2,6.2,6.2,6.1,6.1,6.1,6,6,5.9,5.9,5.9,5.9,5.8,5.8,5.7,5.6,5.4,5.4,5.4,5.5,5.7,5.8,5.9,5.9,5.8,5.6,5.4,5.3,5.1,5.1,5,4.9,5,5.1,5.3,5.4,5.5,11.1,9,8.8,9,8.8,8.7,8.2,7.8,7.5,6.9,6.7,6.6,6.8,6.9,7.2,7.1,6.9,6.5,6.3,6.1,6.1,6.3,6.1,6,5.8,5.7
Florida,8.9,8.8,8.6,8.5,8.4,8.3,8.2,8.1,8,8,7.9,7.8,7.6,7.6,7.5,7.4,7.3,7.2,7.1,7,6.9,6.8,6.7,6.7,6.6,6.5,6.4,6.3,6.2,6.1,6,6,5.9,5.8,5.8,5.7,5.7,5.6,5.5,5.4,5.3,5.3,5.2,5.1,5.1,5,5,4.9,4.9,4.9,4.9,4.9,4.9,4.9,4.8,4.8,4.7,4.6,4.5,4.4,4.3,4.3,4.2,4.2,4.2,4.1,4.1,4,4,3.9,3.9,3.8,3.7,3.7,3.6,3.6,3.5,3.5,3.6,3.6,3.5,3.5,3.4,3.4,3.3,3.3,3.2,3.2,3.1,3,2.9,2.9,2.8,2.7,4.5,13.2,13.9,11.6,12.5,8.9,8.7,7.2,6.7,6.5,6,5.6,5.4,5.1,4.9,4.8,4.5,4.3,3.9,3.7,3.5,3.5,3.5,3.3,3.2,3,3
Georgia,9.2,9.1,9,8.9,8.8,8.7,8.7,8.6,8.6,8.6,8.5,8.4,8.3,8.2,8.1,8,7.9,7.8,7.7,7.6,7.5,7.4,7.4,7.4,7.3,7.3,7.2,7.1,7,6.8,6.7,6.6,6.5,6.4,6.3,6.3,6.2,6.1,6,5.9,5.9,5.8,5.8,5.7,5.7,5.7,5.6,5.5,5.4,5.4,5.4,5.4,5.4,5.4,5.4,5.3,5.2,5.1,5,4.9,4.8,4.8,4.7,4.6,4.6,4.5,4.5,4.4,4.3,4.3,4.2,4.1,4,4,3.9,3.9,3.9,3.9,3.9,3.9,3.9,3.8,3.7,3.7,3.6,3.6,3.6,3.5,3.5,3.5,3.4,3.5,3.5,3.6,3.7,12.3,9.6,8.4,7.7,6.9,6.4,5.6,5.3,5.1,4.8,4.6,4.4,4.3,4.1,4,3.9,3.7,3.5,3.4,3.3,3.3,3.2,3.2,3.1,3.1,3
Hawaii,6.2,6.1,5.9,5.7,5.5,5.3,5.2,5.1,5,4.9,4.9,4.8,4.7,4.7,4.7,4.7,4.7,4.7,4.7,4.6,4.6,4.5,4.4,4.4,4.4,4.3,4.2,4.1,4.1,4,3.9,3.9,3.8,3.8,3.7,3.6,3.5,3.4,3.3,3.3,3.2,3.2,3.1,3.1,3,3,3,3,3,2.9,2.9,2.9,2.8,2.8,2.7,2.7,2.6,2.6,2.5,2.5,2.4,2.3,2.1,2,1.9,1.9,1.9,1.9,2.1,2.2,2.3,2.4,2.4,2.4,2.4,2.3,2.3,2.4,2.5,2.6,2.7,2.8,2.9,2.9,2.8,2.6,2.4,2.2,2,1.9,1.9,2,2.1,2.2,2.2,22.4,20.9,17.7,16.2,13.9,14.2,12.1,10.8,9.8,8.3,7.3,6.6,6.3,5.9,5.9,5.5,5.3,4.8,4.7,4.4,4.3,4.3,4.2,4.1,4.1,4.2
Idaho,7.5,7.5,7.4,7.3,7.2,7.2,7.1,7.1,7,7,7,7,7,6.9,6.9,6.9,6.9,6.8,6.4,6,5.6,5.2,4.9,4.6,4.5,4,4,4,4,4,3.9,3.9,3.8,3.9,3.9,3.9,3.9,3.9,3.9,3.9,3.9,3.8,3.8,3.8,3.8,3.8,3.7,3.7,3.7,3.7,3.7,3.7,3.6,3.6,3.6,3.5,3.5,3.4,3.3,3.2,3.2,3.1,3.1,3.2,3.2,3.2,3.1,3.1,3,2.9,2.9,2.8,2.8,2.8,2.8,2.9,2.9,3,3,3,3,3,2.9,2.9,2.9,2.9,3,3,3,3,3,3,3,3,2.8,11.8,8.9,7.3,6.3,5.3,4.8,4.3,4.2,4.2,4,4,3.9,3.8,3.7,3.7,3.6,3.5,3.4,3.2,3.2,3.1,3,2.8,2.7,2.6,2.5
Illinois,9,9.1,9,9,9,9,9,9.1,9.2,9.3,9.3,9.3,9.2,9.2,9.2,9.1,9,8.8,8.7,8.6,8.4,8.1,7.9,7.6,7.4,7.2,7,6.8,6.6,6.5,6.3,6.2,6.1,6.1,6,6,6,6,5.9,5.9,5.9,5.9,6,6.1,6.2,6.2,6.2,6.1,6,5.9,5.8,5.8,5.7,5.7,5.6,5.4,5.3,5.1,5,4.9,4.9,4.9,5,5,4.9,4.9,4.8,4.7,4.5,4.4,4.4,4.3,4.3,4.2,4.3,4.3,4.4,4.4,4.5,4.5,4.5,4.5,4.3,4.1,4,3.8,3.8,3.7,3.7,3.7,3.6,3.6,3.7,3.8,4.9,17.4,14.5,12.7,11.5,9.8,9,8.1,7.7,7.5,7.1,6.9,6.7,6.6,6.5,6.5,6.2,6,5.5,5.3,5.1,5.1,5,4.8,4.7,4.6,4.6
Indiana,8.2,8.2,8.2,8.2,8.2,8.2,8.2,8.2,8.2,8.2,8.1,8,7.8,7.7,7.5,7.3,7.1,6.9,6.7,6.5,6.4,6.3,6.2,6.1,6.1,6,5.9,5.8,5.8,5.7,5.6,5.5,5.4,5.2,5.1,4.9,4.8,4.7,4.6,4.6,4.5,4.5,4.5,4.6,4.6,4.6,4.6,4.6,4.5,4.4,4.4,4.3,4.2,4.1,4.1,4,3.8,3.7,3.5,3.4,3.4,3.4,3.5,3.5,3.5,3.5,3.4,3.3,3.3,3.3,3.3,3.3,3.4,3.4,3.4,3.5,3.5,3.5,3.5,3.5,3.5,3.4,3.3,3.2,3.2,3.2,3.2,3.3,3.3,3.3,3.3,3.3,3.4,3.4,3.5,16.8,12.3,10.2,8.8,7.2,6.3,5.5,5.1,4.8,4.5,4.3,4.2,4.1,4,3.9,3.7,3.4,3.1,2.8,2.7,2.7,2.4,2.3,2.2,2.2,2.2
Iowa,5.1,5.1,5.1,5,5,5,4.9,4.9,4.9,4.9,4.9,4.9,4.8,4.8,4.7,4.7,4.6,4.5,4.5,4.5,4.4,4.4,4.4,4.3,4.3,4.3,4.2,4.2,4.2,4.1,4,3.9,3.9,3.8,3.8,3.8,3.7,3.7,3.6,3.6,3.6,3.6,3.6,3.6,3.6,3.6,3.6,3.6,3.6,3.7,3.6,3.6,3.6,3.5,3.5,3.4,3.3,3.2,3.2,3.1,3.1,3.1,3.1,3,3,2.9,2.9,2.8,2.7,2.7,2.6,2.5,2.5,2.4,2.4,2.5,2.5,2.5,2.5,2.5,2.5,2.5,2.5,2.5,2.5,2.6,2.6,2.7,2.7,2.7,2.7,2.6,2.6,2.6,2.6,10.5,8,6.5,5.8,5.1,4.8,4.5,4.5,4.5,4.4,4.4,4.4,4.5,4.5,4.5,4.4,4.3,4.1,4,3.9,3.9,3.7,3.5,3.3,3,2.7
Kansas,5.8,5.7,5.7,5.6,5.6,5.6,5.6,5.6,5.6,5.5,5.5,5.4,5.4,5.4,5.3,5.3,5.2,5.1,5,4.9,4.8,4.7,4.7,4.6,4.6,4.5,4.5,4.4,4.4,4.3,4.3,4.3,4.3,4.4,4.4,4.4,4.3,4.2,4.1,4,4,3.9,3.9,3.9,3.9,3.9,3.9,4,4,4,4.1,4.1,4.1,4.1,4.1,4,3.9,3.8,3.7,3.6,3.6,3.6,3.6,3.6,3.6,3.5,3.5,3.4,3.4,3.3,3.3,3.3,3.2,3.2,3.2,3.2,3.3,3.3,3.3,3.3,3.3,3.2,3.1,3.1,3.1,3.1,3.1,3.1,3.1,3.1,3.1,3.1,3.1,3.1,3.1,12.2,9,7.2,6.4,5.6,5.2,4.7,4.4,4.2,3.8,3.6,3.5,3.5,3.4,3.5,3.4,3.2,3,2.9,2.8,2.8,2.6,2.5,2.4,2.4,2.3
Kentucky,8.2,8.2,8.2,8.2,8.1,8.1,8.1,8,8,8,8,8,8,8,8,8,7.9,7.8,7.7,7.6,7.5,7.3,7.2,7,6.7,6.5,6.3,6,5.9,5.7,5.5,5.4,5.3,5.3,5.3,5.3,5.2,5.2,5.2,5.2,5.2,5.2,5.2,5.2,5.2,5.1,5.1,5,4.9,4.9,4.9,5,5,5.1,5.1,5.1,5.1,5,5,5,4.9,4.9,4.8,4.8,4.6,4.5,4.4,4.3,4.2,4.2,4.2,4.2,4.2,4.2,4.2,4.2,4.2,4.2,4.2,4.2,4.2,4.1,4.1,4.1,4.1,4.1,4.1,4.1,4.1,4,4,4,4,4.1,4.1,16.5,12.6,5.1,5.7,5.2,5.1,4.9,4.9,4.9,4.8,4.7,4.7,4.7,4.7,4.8,4.8,4.8,4.7,4.6,4.6,4.6,4.4,4.2,4,3.9,3.8
Louisiana,6.9,6.8,6.7,6.6,6.5,6.4,6.5,6.6,6.7,6.8,6.8,6.7,6.7,6.6,6.5,6.4,6.2,6,5.9,5.7,5.6,5.6,5.7,5.8,6,6.2,6.4,6.6,6.7,6.8,6.8,6.8,6.8,6.7,6.6,6.5,6.4,6.3,6.1,6.1,6,6,6,6,6,6.1,6.1,6.1,6.1,6.1,6.1,6.1,6.1,6.1,6,5.9,5.8,5.7,5.5,5.4,5.2,5.1,4.9,4.8,4.8,4.7,4.7,4.7,4.7,4.8,4.8,4.9,4.9,4.9,4.8,4.8,4.8,4.8,4.8,4.8,4.8,4.7,4.5,4.4,4.3,4.3,4.4,4.6,4.7,4.8,4.9,5.1,5.2,5.2,6.8,13.5,12.3,11,10.5,9.4,8.9,8,7.4,7,6.5,6.3,6.1,6.1,5.9,5.8,5.5,5.2,4.8,4.6,4.5,4.4,4.3,4.3,4.2,4.1,4
Maine,7.3,7.3,7.2,7.2,7.2,7.1,7.1,7.1,7.1,7,7,6.9,6.8,6.7,6.7,6.6,6.5,6.4,6.3,6.2,6.1,6,5.9,5.8,5.7,5.6,5.5,5.4,5.3,5.2,5.2,5,4.9,4.8,4.7,4.6,4.5,4.4,4.3,4.2,4.1,4.1,4,4,4,3.9,3.9,3.9,3.8,3.8,3.8,3.7,3.7,3.7,3.6,3.5,3.5,3.4,3.4,3.4,3.4,3.4,3.4,3.4,3.4,3.3,3.2,3.1,3,3,2.9,3,3,3.1,3.2,3.2,3.3,3.3,3.2,3.1,3,2.9,2.7,2.6,2.6,2.6,2.7,2.7,2.8,2.9,2.9,2.9,2.9,2.8,2.7,9.1,9.2,6.6,6.3,4.6,4.4,4.1,4.1,4.4,4.4,4.6,4.8,5,4.9,5,4.9,4.8,4.5,4.4,4.2,4.1,4.1,4,3.6,3.3,3.2
Maryland,6.9,6.9,6.9,6.9,6.8,6.8,6.8,6.8,6.8,6.8,6.7,6.7,6.6,6.6,6.5,6.5,6.4,6.3,6.2,6.1,6.1,6,5.9,5.9,5.8,5.8,5.7,5.6,5.6,5.5,5.5,5.4,5.4,5.3,5.3,5.2,5.1,5,4.9,4.9,4.8,4.7,4.7,4.6,4.5,4.4,4.3,4.3,4.3,4.3,4.2,4.2,4.3,4.3,4.2,4.2,4.1,4,4,3.9,3.9,3.9,4,4,4,4.1,4.1,4,3.9,3.8,3.7,3.6,3.6,3.6,3.6,3.6,3.7,3.7,3.6,3.6,3.5,3.3,3.2,3.1,3.1,3.2,3.4,3.5,3.6,3.7,3.7,3.8,4,4.2,4.2,9.5,9.5,8.6,8.1,7.2,6.8,6.2,6.1,6.3,5.9,5.7,5.7,5.7,5.7,6.1,6.1,6.2,5.8,5.7,5.4,5.4,5.4,5,4.6,4.2,4
Massachusetts,6.7,6.7,6.7,6.7,6.7,6.7,6.7,6.7,6.7,6.8,6.8,6.8,6.7,6.7,6.7,6.7,6.6,6.5,6.4,6.3,6.2,6.1,6,5.9,5.9,5.8,5.7,5.6,5.6,5.5,5.4,5.2,5.2,5.1,5,5,4.9,4.8,4.7,4.7,4.6,4.6,4.5,4.4,4.4,4.3,4.2,4.1,4.1,4,3.9,3.9,3.9,3.9,3.9,3.9,3.8,3.8,3.8,3.8,3.8,3.8,3.8,3.8,3.8,3.8,3.8,3.7,3.7,3.6,3.6,3.5,3.5,3.5,3.4,3.4,3.3,3.3,3.3,3.3,3.2,3.2,3.1,3.1,3.1,3,3,3,3,3,3,3,3,2.9,2.9,17.1,15.5,14.4,12.7,10.6,9.9,8.6,8.1,7.7,7.1,6.7,6.4,6.3,5.9,6,5.7,5.5,5.1,5,4.8,4.6,4.8,4.7,4.3,4.1,3.9
Michigan,9.1,9.1,9,9,9,9,9,9,9,9,8.9,8.9,8.8,8.8,8.8,8.8,8.6,8.5,8.4,8.2,8.1,8,7.9,7.7,7.5,7.4,7.2,7,6.8,6.6,6.4,6.2,6,5.9,5.8,5.7,5.6,5.5,5.4,5.2,5.1,5,5,4.9,4.9,4.9,5,5,5,5,5,5,5.1,5.1,5.1,5,4.8,4.7,4.5,4.3,4.3,4.4,4.5,4.6,4.7,4.8,4.7,4.6,4.5,4.4,4.3,4.1,4.1,4,4,4.1,4.1,4.2,4.2,4.2,4.2,4.2,4.1,4.1,4.1,4.2,4.2,4.2,4.1,4,3.9,3.8,3.8,3.8,3.8,22.7,19.2,14.6,12.6,9.9,8.7,7.5,7.1,7,6.4,6.3,6.2,6.2,6.2,6.3,6.2,6,5.7,5.4,5.2,5.1,4.9,4.7,4.4,4.3,4.3
Minnesota,5.7,5.7,5.7,5.7,5.6,5.6,5.5,5.4,5.4,5.3,5.2,5.2,5.1,5.1,5,5,4.9,4.8,4.8,4.7,4.7,4.6,4.6,4.5,4.4,4.3,4.2,4.1,4,4,3.9,3.9,3.8,3.8,3.8,3.8,3.8,3.8,3.8,3.8,3.8,3.7,3.8,3.8,3.8,3.8,3.8,3.8,3.8,3.8,3.9,3.9,4,4,4,3.9,3.8,3.7,3.6,3.5,3.5,3.5,3.4,3.4,3.4,3.4,3.3,3.3,3.2,3.2,3.1,3.1,3,3,3,3,3.1,3.2,3.4,3.4,3.4,3.4,3.4,3.3,3.3,3.3,3.3,3.4,3.5,3.6,3.6,3.7,3.8,3.9,4,9,10.8,8.7,7.9,6.9,6.2,5.5,5,4.6,4.2,3.9,3.7,3.5,3.4,3.4,3.3,3.3,3.2,3.1,3.1,3,2.9,2.7,2.5,2.2,2
Mississippi,8.9,8.9,8.8,8.8,8.7,8.7,8.6,8.6,8.7,8.7,8.7,8.7,8.6,8.5,8.5,8.5,8.4,8.3,8.2,8.1,8.1,8,7.9,7.9,7.8,7.7,7.6,7.5,7.4,7.2,7.1,6.9,6.8,6.7,6.7,6.6,6.5,6.4,6.3,6.3,6.3,6.4,6.4,6.4,6.3,6.2,6.1,6,6,5.9,5.9,5.9,5.9,5.9,5.8,5.7,5.6,5.5,5.4,5.4,5.3,5.3,5.2,5.2,5.1,5,4.9,4.9,4.9,4.9,4.9,4.9,4.9,4.9,4.8,4.9,4.9,5.1,5.2,5.3,5.3,5.3,5.3,5.3,5.4,5.4,5.6,5.6,5.6,5.5,5.5,5.5,5.5,5.7,5.8,15.4,11,9.2,8.2,7.4,7.1,6.8,6.8,6.7,6.6,6.5,6.4,6.2,6,5.8,5.6,5.3,5,4.7,4.7,4.7,4.6,4.5,4.2,4.1,4
Missouri,7.2,7.2,7.1,7,7,7,7,7,6.9,6.9,6.9,6.9,6.8,6.8,6.8,6.8,6.7,6.6,6.6,6.6,6.6,6.6,6.5,6.4,6.3,6.2,6.1,6,5.9,5.8,5.7,5.7,5.6,5.6,5.6,5.5,5.3,5.2,5,4.9,4.8,4.7,4.6,4.5,4.5,4.4,4.4,4.5,4.6,4.7,4.7,4.7,4.7,4.6,4.5,4.3,4.2,4.1,3.9,3.8,3.7,3.7,3.6,3.6,3.6,3.6,3.6,3.5,3.5,3.4,3.3,3.2,3.1,3,3,3,3,3.1,3.1,3.2,3.2,3.2,3.1,3,2.9,2.9,2.9,3,3.1,3.2,3.3,3.3,3.3,3.3,3.5,11.2,9.2,7.7,7,6.4,6,5.5,5.3,5.1,5,4.9,4.8,4.7,4.5,4.4,4.3,4.1,4,4,3.9,3.9,3.8,3.7,3.6,3.4,3.1
Montana,5.9,5.9,5.9,5.8,5.7,5.6,5.6,5.5,5.5,5.5,5.5,5.5,5.4,5.4,5.4,5.3,5.3,5.2,5.1,5,5,4.9,4.8,4.7,4.7,4.7,4.6,4.6,4.6,4.5,4.5,4.4,4.3,4.3,4.3,4.2,4.3,4.3,4.3,4.3,4.3,4.3,4.3,4.3,4.4,4.4,4.4,4.4,4.4,4.3,4.3,4.3,4.3,4.3,4.2,4.2,4.2,4.1,4.1,4.1,4.1,4.1,4.1,4.1,4.1,4.1,4,4,3.9,3.9,3.8,3.8,3.8,3.7,3.7,3.7,3.7,3.7,3.7,3.6,3.6,3.5,3.5,3.5,3.5,3.5,3.6,3.6,3.6,3.6,3.7,3.7,3.7,3.7,3.6,12.2,9.1,7.4,6.5,5.4,5,4.5,4.2,4,3.8,3.7,3.6,3.6,3.6,3.6,3.5,3.4,3.2,3,2.9,2.9,2.7,2.6,2.3,2.3,2.4
Nebraska,3.9,3.9,3.9,3.8,3.8,3.8,3.8,3.8,3.8,3.8,3.8,3.8,3.7,3.7,3.7,3.7,3.6,3.5,3.5,3.5,3.5,3.5,3.4,3.4,3.3,3.3,3.2,3.2,3.1,3.1,3,3,2.9,2.9,3,3,3,3,3,3,3,3,3,3,3,3,3,3,3,3.1,3.1,3.1,3.1,3.2,3.1,3.1,3.1,3,3,2.9,2.9,2.9,2.9,3,3,3,3,3,2.9,2.9,2.9,2.8,2.8,2.8,2.9,2.9,3,3,3,3,3,3,3,2.9,2.9,3,3.1,3.1,3.2,3.2,3.1,3.1,3,3,4.3,8.2,6.3,5.1,4.4,3.7,3.3,2.9,2.8,2.8,2.7,2.7,2.6,2.6,2.5,2.5,2.5,2.5,2.5,2.4,2.4,2.3,2.2,2.1,2,1.9,1.9
Nevada,11.9,11.8,11.6,11.4,11.2,11.1,10.9,10.8,10.7,10.6,10.5,10.4,10.2,10.1,9.9,9.8,9.6,9.4,9.3,9.1,8.9,8.8,8.6,8.5,8.3,8.2,8.1,7.9,7.8,7.7,7.6,7.5,7.4,7.3,7.2,7.1,7,6.9,6.8,6.7,6.6,6.5,6.4,6.3,6.2,6.2,6.1,6,5.9,5.8,5.7,5.7,5.6,5.6,5.5,5.4,5.4,5.3,5.2,5.1,5,4.9,4.8,4.8,4.8,4.8,4.8,4.9,4.9,4.8,4.7,4.5,4.3,4.2,4,4,4.1,4.2,4.3,4.5,4.5,4.5,4.4,4.2,3.9,3.7,3.7,3.7,3.8,3.9,3.9,3.8,3.8,4,8,28.5,23.4,18.5,16.8,14.7,13.6,12.1,11.2,10.8,10.2,9.8,9.2,8.6,7.8,7.2,6.6,6,5.6,5.4,5.3,5.3,5.2,5.1,5,5,4.9
New Hampshire,5.4,5.5,5.6,5.6,5.6,5.6,5.6,5.6,5.6,5.5,5.5,5.4,5.3,5.2,5.2,5.2,5.1,5.1,5,4.9,4.8,4.7,4.6,4.5,4.4,4.3,4.3,4.2,4.1,4.1,4,3.9,3.8,3.8,3.7,3.6,3.5,3.4,3.3,3.3,3.2,3.1,3,3,2.9,2.9,2.8,2.8,2.9,2.9,2.9,2.9,2.9,2.9,2.9,2.9,2.9,2.9,2.8,2.8,2.8,2.7,2.8,2.8,2.8,2.8,2.8,2.8,2.7,2.7,2.7,2.7,2.7,2.6,2.6,2.6,2.6,2.6,2.6,2.6,2.6,2.6,2.5,2.5,2.5,2.6,2.6,2.6,2.7,2.7,2.7,2.7,2.7,2.7,2.6,16.2,11.8,9.7,8.3,6.8,6.1,5.2,4.8,4.5,4.2,4,3.9,3.8,3.7,3.6,3.5,3.4,3.2,3.1,3,3,2.9,2.7,2.4,2.3,2.1
New Jersey,9.5,9.5,9.5,9.4,9.4,9.3,9.3,9.2,9.1,9,8.9,8.8,8.7,8.5,8.4,8.2,8,7.8,7.6,7.5,7.3,7.1,7,6.8,6.7,6.7,6.6,6.6,6.6,6.5,6.5,6.4,6.3,6.3,6.2,6.1,6,5.8,5.6,5.5,5.3,5.2,5.1,5,5,5,5,5,5,5,5,5,4.9,4.9,4.8,4.7,4.6,4.5,4.5,4.4,4.5,4.5,4.5,4.6,4.6,4.6,4.6,4.5,4.4,4.3,4.2,4.2,4.1,4,4,3.9,3.8,3.7,3.6,3.6,3.5,3.4,3.3,3.2,3.2,3.2,3.3,3.4,3.5,3.5,3.6,3.6,3.5,3.5,3.3,15.5,15.8,14.5,14.3,12.8,8.3,7.5,7.5,7.4,7.3,7.2,6.9,7,6.6,7.1,6.6,6.5,5.8,5.5,5.1,5.1,5.1,4.6,4.2,4.1,3.9
New Mexico,7,6.9,6.9,6.9,6.9,6.9,7,7,7,7,6.9,6.9,6.9,6.9,6.9,6.9,6.9,6.9,6.9,6.8,6.8,6.7,6.7,6.7,6.7,6.6,6.6,6.6,6.5,6.4,6.4,6.4,6.5,6.6,6.7,6.7,6.7,6.7,6.6,6.6,6.6,6.5,6.5,6.5,6.5,6.5,6.6,6.6,6.7,6.8,6.9,6.9,6.9,6.9,6.9,6.8,6.7,6.6,6.5,6.4,6.2,6.1,6,5.8,5.7,5.6,5.5,5.4,5.2,5.1,5,4.9,4.8,4.7,4.7,4.7,4.8,4.9,5,5.1,5.2,5.2,5.1,5,4.9,4.9,4.8,4.7,4.7,4.8,4.9,5.1,5.2,5.4,6.1,9.5,9.8,9.5,9.6,9.3,8.8,8.4,8,7.9,7.4,7.3,7.2,7.3,7.2,7.3,7,6.8,6.2,6.1,6,5.9,5.9,5.6,5.3,5.3,5.1
New York,8.8,8.8,8.7,8.6,8.6,8.5,8.4,8.4,8.3,8.2,8.1,8,7.9,7.9,7.8,7.8,7.6,7.5,7.3,7.1,7,6.8,6.7,6.5,6.4,6.3,6.2,6.1,6,5.9,5.8,5.8,5.7,5.6,5.6,5.5,5.4,5.3,5.2,5,4.9,4.9,4.9,4.8,4.8,4.8,4.8,4.8,4.8,4.9,4.9,5,5,5,4.9,4.8,4.7,4.6,4.6,4.6,4.6,4.6,4.7,4.7,4.7,4.7,4.6,4.5,4.5,4.4,4.3,4.2,4.1,4,4,3.9,3.9,3.9,4,4,3.9,3.9,3.8,3.7,3.7,3.7,3.8,3.8,3.9,3.9,3.9,3.9,3.9,3.9,3.9,16.2,16.5,13.7,12.7,11,10.3,9.3,9.1,8.8,8.6,8.4,7.9,7.8,7.4,7.4,6.9,6.6,6,5.7,5.4,5.4,5.3,4.9,4.6,4.5,4.4
North Carolina,9.5,9.5,9.5,9.5,9.5,9.5,9.5,9.4,9.4,9.1,8.8,8.5,8.2,7.8,7.5,7.3,6.7,6.6,6.5,6.4,6.4,6.3,6.3,6.3,6.2,6.2,6.1,6.1,6,5.9,5.8,5.7,5.7,5.7,5.8,5.8,5.8,5.8,5.7,5.7,5.6,5.5,5.4,5.4,5.3,5.2,5.2,5.1,5.1,5,5,5.1,5.1,5.1,5,5,4.9,4.7,4.6,4.5,4.5,4.5,4.5,4.5,4.5,4.4,4.4,4.3,4.2,4.1,4,4,3.9,3.9,3.9,4,4,4.1,4.1,4,3.9,3.9,3.8,3.7,3.8,3.8,3.9,3.9,3.9,3.9,3.8,3.8,3.7,3.7,3.9,14.2,11.5,9.6,8.6,7.2,6.5,5.8,5.6,5.6,5.5,5.4,5.2,5.1,5,5,4.9,4.8,4.5,4.4,4.2,4.1,3.9,3.7,3.5,3.4,3.4
North Dakota,2.9,2.9,2.9,2.9,2.9,3,3,3,3,3,3,2.9,2.9,2.9,2.9,2.9,2.8,2.8,2.8,2.8,2.7,2.7,2.6,2.6,2.6,2.6,2.6,2.6,2.6,2.6,2.6,2.6,2.6,2.6,2.7,2.8,2.8,2.8,2.8,2.8,2.8,2.8,2.9,3,3.1,3.2,3.2,3.2,3.2,3.2,3.1,3.1,3,3,3,2.9,2.9,2.8,2.7,2.6,2.5,2.5,2.5,2.5,2.5,2.6,2.6,2.6,2.6,2.6,2.5,2.5,2.4,2.3,2.2,2.2,2.2,2.3,2.3,2.3,2.3,2.3,2.2,2.2,2.1,2,2,2,2.1,2.1,2,2,2.1,2.2,2.5,8.3,7,6.4,6.2,5.8,5.6,5.3,5.1,5,4.7,4.5,4.3,4,3.8,3.6,3.4,3.3,3.2,3.2,3.1,3.1,3.1,2.9,2.9,2.8,2.6
Ohio,7.4,7.3,7.3,7.2,7.2,7.2,7.3,7.4,7.5,7.6,7.6,7.6,7.6,7.6,7.6,7.6,7.5,7.3,7.1,6.9,6.6,6.4,6.2,6,5.9,5.8,5.7,5.6,5.5,5.4,5.3,5.2,5.2,5.2,5.2,5.1,5,4.9,4.8,4.8,4.7,4.8,4.8,4.9,5,5,5,5,5,5,5,5,5.1,5.2,5.3,5.3,5.3,5.2,5.1,5.1,5,5,5,4.9,4.9,4.8,4.7,4.6,4.6,4.5,4.5,4.5,4.5,4.5,4.5,4.4,4.5,4.5,4.5,4.5,4.4,4.2,4.1,4,3.9,4,4.1,4.2,4.3,4.3,4.3,4.4,4.5,4.6,4.8,16.4,12.7,11,9.9,8.4,7.6,6.8,6.5,6.2,6,5.8,5.7,5.6,5.4,5.3,5.1,4.9,4.7,4.5,4.5,4.5,4.3,4.2,4.1,4,3.9
Oklahoma,5.1,5.1,5.1,5.1,5.1,5.1,5.1,5.1,5.2,5.2,5.2,5.2,5.1,5.1,5.1,5.1,5.1,5.1,5,5,4.9,4.7,4.6,4.5,4.4,4.3,4.2,4.2,4.1,4.1,4,4,4,4.1,4.2,4.3,4.4,4.4,4.4,4.3,4.3,4.3,4.4,4.4,4.5,4.5,4.6,4.7,4.7,4.8,4.8,4.8,4.7,4.7,4.6,4.5,4.4,4.3,4.2,4.1,4,4,4,4,3.9,3.9,3.8,3.8,3.7,3.6,3.5,3.4,3.3,3.2,3.1,3.1,3.1,3.1,3.2,3.2,3.2,3.1,3.1,3,3,3,3.1,3.2,3.2,3.2,3.1,3.1,3.1,3.2,3.2,12.6,9.7,8,7.2,6.2,5.8,5.4,5.3,5.2,5,4.8,4.7,4.5,4.4,4.2,3.9,3.5,3.2,2.9,2.8,2.8,2.7,2.6,2.7,2.7,2.8
Oregon,8.9,8.9,8.8,8.7,8.7,8.6,8.6,8.5,8.4,8.3,8.2,8,7.9,7.8,7.7,7.6,7.4,7.3,7.2,7.2,7.2,7.1,7,6.9,6.8,6.7,6.6,6.5,6.4,6.3,6.2,6,5.8,5.8,5.7,5.7,5.6,5.5,5.5,5.4,5.3,5.2,5.1,5,4.9,4.9,4.9,4.9,4.9,4.9,4.9,4.8,4.7,4.5,4.4,4.3,4.1,4,3.9,3.9,4,4,4.1,4.1,4.2,4.2,4.1,4.1,4.1,4,4,3.9,3.9,3.9,3.9,4,4.1,4.2,4.2,4.2,4.2,4,3.9,3.8,3.8,3.7,3.7,3.7,3.6,3.5,3.4,3.4,3.4,3.4,3.5,13.3,12.2,10.5,9.5,8.1,7.5,6.8,6.6,6.6,6.4,6.2,6.1,5.9,5.6,5.4,5.1,4.9,4.5,4.4,4.2,4.2,4.2,4,3.8,3.7,3.6
Pennsylvania,7.7,7.7,7.8,7.8,7.7,7.7,7.7,7.7,7.6,7.5,7.4,7.3,7.2,7.1,7.1,7,6.9,6.8,6.7,6.6,6.5,6.4,6.3,6.2,6.1,6,5.8,5.7,5.6,5.6,5.5,5.5,5.5,5.5,5.5,5.5,5.5,5.4,5.4,5.3,5.3,5.3,5.2,5.3,5.3,5.3,5.3,5.4,5.4,5.4,5.4,5.4,5.4,5.3,5.3,5.2,5.2,5.1,5.1,5,5,4.9,4.9,4.9,4.9,4.9,4.9,4.9,4.8,4.7,4.6,4.5,4.4,4.4,4.3,4.3,4.3,4.3,4.4,4.4,4.4,4.4,4.4,4.4,4.3,4.3,4.4,4.5,4.5,4.6,4.6,4.7,4.8,5,5.2,16.5,13.1,11.5,10.6,9.5,8.9,8.3,8,7.7,7.5,7.3,7.1,6.9,6.7,6.6,6.4,6.1,5.8,5.6,5.5,5.5,5.4,5.1,4.9,4.8,4.6
Rhode Island,10.4,10.4,10.3,10.1,10,9.8,9.7,9.6,9.6,9.5,9.5,9.5,9.5,9.6,9.6,9.6,9.5,9.4,9.3,9.1,8.9,8.7,8.5,8.3,8,7.8,7.6,7.4,7.3,7.1,6.9,6.7,6.6,6.5,6.4,6.3,6.2,6,5.9,5.8,5.7,5.7,5.6,5.6,5.6,5.5,5.4,5.4,5.4,5.3,5.3,5.2,5.1,5,4.9,4.8,4.6,4.5,4.5,4.4,4.4,4.4,4.5,4.5,4.6,4.6,4.6,4.5,4.5,4.3,4.2,4.1,4,4,3.9,4,4,4,4,3.9,3.8,3.6,3.5,3.4,3.4,3.5,3.6,3.6,3.6,3.6,3.5,3.6,3.6,3.7,3.6,18.4,15.6,13.5,12.2,10.2,9.6,6.9,6.8,6.7,6.3,6.1,6,6.1,6,6.2,6,5.8,5.4,5,4.7,4.5,4.2,3.9,3.4,3.2,2.9
South Carolina,9.3,9.2,9,8.8,8.7,8.6,8.5,8.4,8.4,8.3,8.1,7.9,7.7,7.5,7.4,7.2,7,6.8,6.5,6.3,6.1,6,6,6,6.1,6.2,6.3,6.5,6.5,6.6,6.5,6.5,6.4,6.4,6.3,6.2,6.1,6,5.8,5.7,5.6,5.5,5.4,5.4,5.3,5.3,5.2,5.1,5.1,5,4.9,4.8,4.7,4.6,4.5,4.5,4.4,4.3,4.2,4.2,4.1,4.1,4.2,4.2,4.2,4.2,4.2,4.1,3.9,3.7,3.5,3.3,3.3,3.3,3.3,3.3,3.3,3.3,3.3,3.3,3.2,3.2,3.2,3.1,2.9,2.8,2.6,2.5,2.4,2.5,2.5,2.6,2.8,2.9,3,11.6,9.1,7.8,7.2,6.3,5.9,5.3,5.1,4.9,4.6,4.4,4.3,4.2,4.1,4.1,4,3.9,3.8,3.6,3.6,3.6,3.5,3.5,3.4,3.3,3.3
South Dakota,4.1,4.1,4.1,4.1,4,4,3.9,3.9,3.9,3.8,3.8,3.8,3.8,3.7,3.7,3.7,3.6,3.6,3.5,3.5,3.5,3.4,3.4,3.4,3.4,3.3,3.3,3.3,3.3,3.3,3.2,3.2,3.2,3.2,3.2,3.1,3.1,3.1,3.1,3,3,2.9,2.9,2.8,2.8,2.8,2.8,2.9,2.9,3,3.1,3.1,3.2,3.2,3.2,3.2,3.1,3.1,3.1,3,3,3,3.1,3.1,3.1,3,3,3,2.9,2.9,2.9,2.8,2.8,2.8,2.7,2.7,2.7,2.7,2.8,2.8,2.8,2.8,2.8,2.8,2.8,2.8,2.9,2.9,2.8,2.8,2.7,2.7,2.7,2.6,2.5,8.8,6.6,5.3,4.8,4.3,4,3.7,3.6,3.5,3.3,3.2,3.2,3.2,3.2,3.2,3.2,3.2,3.1,3,2.9,2.9,2.8,2.6,2.5,2.3,2.3
Tennessee,8,8,8,7.9,7.8,7.8,7.8,7.9,8,8,8,8,7.9,7.9,7.8,7.7,7.6,7.4,7.3,7.1,6.9,6.8,6.8,6.7,6.7,6.7,6.6,6.6,6.5,6.4,6.3,6.2,6.1,6.1,6,5.9,5.8,5.7,5.5,5.4,5.3,5.1,5,4.9,4.8,4.7,4.7,4.6,4.7,4.7,4.8,4.8,4.9,4.9,4.8,4.7,4.6,4.4,4.2,3.9,3.7,3.6,3.5,3.4,3.4,3.4,3.4,3.5,3.5,3.5,3.5,3.5,3.5,3.5,3.5,3.5,3.5,3.5,3.5,3.5,3.5,3.4,3.4,3.4,3.3,3.3,3.3,3.3,3.4,3.4,3.5,3.6,3.6,3.6,3.6,15.9,12.1,10.1,8.8,7.5,6.9,6.1,5.7,5.5,5.2,5,4.9,4.8,4.6,4.4,4.2,4,3.8,3.7,3.6,3.6,3.5,3.4,3.2,3.2,3.3
Texas,6.8,6.8,6.7,6.6,6.5,6.5,6.5,6.5,6.5,6.6,6.5,6.5,6.4,6.4,6.3,6.3,6.2,6.1,6,5.8,5.7,5.6,5.5,5.4,5.3,5.2,5.2,5.1,5,4.9,4.8,4.6,4.6,4.5,4.5,4.5,4.4,4.4,4.4,4.5,4.5,4.5,4.5,4.5,4.5,4.4,4.5,4.5,4.6,4.7,4.7,4.7,4.8,4.8,4.8,4.8,4.8,4.7,4.6,4.5,4.4,4.3,4.2,4.2,4.1,4.1,4.1,4.1,4.1,4,4,4,3.9,3.9,3.9,3.8,3.8,3.8,3.8,3.8,3.7,3.6,3.5,3.5,3.4,3.4,3.5,3.5,3.6,3.5,3.5,3.5,3.4,3.5,5.1,12.6,11.8,10.1,9.3,8.1,7.7,7.1,6.9,6.9,6.7,6.6,6.4,6.2,5.9,5.9,5.6,5.4,5.1,5,4.9,4.8,4.8,4.7,4.4,4.3,4.2
Utah,4.9,4.8,4.8,4.7,4.7,4.6,4.6,4.6,4.5,4.4,4.4,4.3,4.3,4.2,4.2,4.2,4.1,4,4,3.9,3.8,3.7,3.7,3.6,3.6,3.6,3.6,3.6,3.6,3.6,3.6,3.6,3.6,3.5,3.5,3.5,3.5,3.5,3.5,3.5,3.5,3.5,3.5,3.5,3.5,3.5,3.5,3.4,3.4,3.4,3.3,3.3,3.3,3.2,3.2,3.2,3.2,3.2,3.2,3.2,3.2,3.2,3.2,3.2,3.1,3.1,3.1,3.1,3,3,3,3,2.9,2.9,2.9,2.9,2.9,2.9,2.9,2.8,2.8,2.7,2.7,2.6,2.6,2.6,2.5,2.5,2.5,2.5,2.5,2.5,2.5,2.6,2.5,10,7.6,6.2,5.4,4.6,4.3,3.9,3.7,3.5,3.3,3.1,3,2.9,2.8,2.8,2.7,2.6,2.5,2.3,2.3,2.3,2.2,2.1,2,1.9,2
Vermont,4.9,4.9,4.9,4.8,4.8,4.7,4.7,4.6,4.6,4.6,4.6,4.5,4.5,4.5,4.4,4.4,4.3,4.3,4.2,4.1,4.1,4,4,4,4,4,4,4,4,4,3.9,3.9,3.8,3.7,3.7,3.6,3.6,3.5,3.5,3.5,3.4,3.4,3.4,3.3,3.2,3.2,3.2,3.1,3.1,3.1,3.1,3.1,3.1,3.1,3.1,3.1,3.1,3.1,3.1,3.1,3,3,2.9,2.9,2.9,3,3,3,3,2.9,2.9,2.8,2.7,2.6,2.6,2.5,2.4,2.4,2.3,2.3,2.2,2.2,2.1,2.1,2.1,2.2,2.3,2.4,2.5,2.6,2.6,2.6,2.5,2.6,2.7,14.3,9.5,7.6,6.4,5.1,4.5,4,3.8,3.8,3.9,3.9,3.8,3.7,3.6,3.5,3.3,3.2,3.2,3.1,3.1,3.1,3,2.9,2.6,2.5,2.3
Virginia,6.1,6,5.9,5.9,5.8,5.7,5.7,5.7,5.6,5.6,5.6,5.6,5.6,5.6,5.6,5.6,5.5,5.5,5.4,5.4,5.3,5.3,5.3,5.3,5.2,5.2,5.1,5.1,5,4.9,4.9,4.8,4.8,4.7,4.7,4.6,4.5,4.4,4.3,4.2,4.1,4.1,4,4,4,3.9,3.9,3.9,3.9,4,4,4.1,4.1,4.1,4.1,4,4,4,3.9,3.8,3.7,3.7,3.6,3.5,3.5,3.5,3.4,3.4,3.3,3.2,3.1,3,2.9,2.8,2.8,2.7,2.8,2.9,2.9,3,3,3,3,2.8,2.7,2.6,2.6,2.6,2.6,2.7,2.7,2.7,2.6,2.7,2.9,11.6,9.6,8.5,7.9,7,6.3,5.6,5.2,5,4.8,4.6,4.5,4.3,4.1,4,3.8,3.6,3.4,3.4,3.3,3.3,3.3,3.2,3,3,3
Washington,8,8,7.8,7.6,7.4,7.2,7.1,6.9,6.9,6.7,6.7,6.7,6.7,6.7,6.7,6.7,6.6,6.5,6.4,6.3,6.2,6.1,6.1,6,6,5.9,5.9,5.9,5.8,5.8,5.7,5.7,5.6,5.5,5.5,5.4,5.4,5.4,5.4,5.4,5.4,5.4,5.4,5.4,5.4,5.4,5.4,5.3,5.3,5.3,5.3,5.2,5.1,5.1,5,4.9,4.8,4.7,4.6,4.6,4.6,4.6,4.6,4.6,4.7,4.7,4.6,4.6,4.6,4.5,4.5,4.4,4.4,4.3,4.3,4.3,4.4,4.5,4.6,4.6,4.7,4.6,4.6,4.5,4.3,4.3,4.2,4.2,4.2,4.1,4,3.9,3.9,3.9,5.3,16.8,13.2,11.4,10.2,8.7,7.9,7.1,6.7,6.5,6.3,6.1,5.8,5.7,5.5,5.4,5.2,5,4.8,4.6,4.5,4.5,4.4,4.3,4.1,4.1,3.9
West Virginia,7.3,7.4,7.4,7.4,7.4,7.3,7.3,7.2,7.1,6.9,6.8,6.7,6.6,6.6,6.6,6.6,6.6,6.7,6.7,6.7,6.7,6.7,6.7,6.6,6.5,6.5,6.4,6.4,6.4,6.4,6.3,6.4,6.4,6.5,6.7,6.8,6.8,6.8,6.7,6.6,6.5,6.4,6.4,6.4,6.4,6.3,6.3,6.2,6.2,6.2,6.1,6.1,6,5.9,5.8,5.6,5.4,5.2,5.1,5,5,5.1,5.1,5.2,5.3,5.3,5.4,5.4,5.4,5.4,5.4,5.3,5.2,5.2,5.1,5,5,5,5.1,5.1,5,4.9,4.8,4.8,4.7,4.8,4.9,4.9,5,5,5,5,5.1,5.1,5.2,15.5,12.2,10.4,9.4,8.3,7.6,6.9,6.5,6.2,5.9,5.8,5.6,5.5,5.4,5.3,5.1,4.8,4.6,4.3,4.3,4.3,4.1,3.9,3.7,3.6,3.5
Wisconsin,7,7,7,6.9,6.9,6.8,6.8,6.9,6.9,6.9,6.9,6.9,6.8,6.7,6.7,6.6,6.5,6.4,6.3,6.1,6,5.9,5.7,5.6,5.5,5.4,5.3,5.1,5,5,4.9,4.8,4.7,4.7,4.6,4.6,4.5,4.4,4.4,4.3,4.3,4.2,4.2,4.2,4.1,4.1,4,4,4,3.9,3.9,3.9,3.9,3.8,3.7,3.6,3.5,3.4,3.3,3.3,3.2,3.3,3.3,3.3,3.2,3.2,3.1,3,2.9,2.9,2.9,3,3,3,3,3,3,3,3,3,3,3,3.1,3.1,3.2,3.2,3.3,3.3,3.3,3.3,3.2,3.2,3.1,3,2.9,14.1,10.4,8.6,7.6,6.2,5.7,5,4.8,4.7,4.5,4.4,4.3,4.3,4.1,4,3.8,3.6,3.4,3.2,3.1,3.1,3,2.9,2.8,2.8,2.9
Wyoming,5.6,5.6,5.5,5.5,5.4,5.3,5.2,5.2,5.1,5,4.9,4.8,4.7,4.7,4.6,4.6,4.6,4.6,4.6,4.6,4.5,4.4,4.4,4.4,4.4,4.4,4.4,4.4,4.4,4.3,4.1,4,3.9,3.9,4,4.1,4.2,4.2,4.2,4.2,4.3,4.3,4.5,4.7,5,5.3,5.5,5.7,5.7,5.6,5.4,5.3,5.2,5.2,5.1,5,4.8,4.6,4.4,4.2,4.1,4.1,4.2,4.3,4.3,4.3,4.3,4.3,4.2,4.1,4,4,4,4,4.1,4.1,4.1,4.1,4,3.9,3.7,3.5,3.4,3.3,3.4,3.5,3.7,3.8,4,4.1,4.2,4.4,4.7,4.9,5.2,5.4,8.6,7.2,6.6,5.9,5.6,5.3,5.2,5.1,5.1,5,5,4.8,4.7,4.6,4.5,4.3,4.2,4,4,4,3.8,3.6,3.4,3.3,3.2
Puerto Rico,14.5,14.2,14.1,14,14,14.2,14.3,14.3,14.2,14.1,13.8,13.7,13.7,13.8,14,14.3,14.5,14.8,14.9,15,14.9,14.6,14.2,13.8,13.6,13.6,13.8,14,14,13.7,13.2,12.6,12.2,12,12.1,12.1,12.1,12.1,12.1,12.1,12,12,12,11.9,11.7,11.6,11.5,11.5,11.6,11.6,11.7,11.8,12,12.1,12,11.9,11.8,11.5,11.2,10.9,10.6,10.4,10.4,10.5,10.7,11.3,10.9,10.7,10.4,10.2,9.9,9.7,9.5,9.2,9,8.7,8.5,8.3,8.3,8.4,8.6,8.7,8.6,8.4,8.1,7.7,7.6,7.7,8,8.4,8.7,9,9.1,9.1,-,-,8.9,8.2,8.2,8.3,8.6,9,9.3,9.3,9,8.5,8.2,8,8.1,8.3,8.3,8.2,7.8,7.5,7.5,7.5,7.1,6.8,6.5,6.4,6.2