index,per_capita_disp_pi,disp_personal_inc,population
1959-01-01,1999.226472829858,351.5,175818.0
1959-02-01,2004.6124832428256,352.9,176044.0
1959-03-01,2015.044759862487,355.2,176274.0
1959-04-01,2029.427261859572,358.2,176503.0
1959-05-01,2038.7838594863147,360.3,176723.0
1959-06-01,2049.1201103111543,362.6,176954.0
1959-07-01,2047.311633786285,362.8,177208.0
1959-08-01,2035.1703581832217,361.2,177479.0
1959-09-01,2038.1986442012883,362.3,177755.0
1959-10-01,2041.2748699628144,363.4,178026.0
1959-11-01,2054.713837765674,366.3,178273.0
1959-12-01,2073.903105812755,370.2,178504.0
1960-01-01,2072.376694145592,370.8,178925.0
1960-02-01,2070.530765198577,371.3,179326.0
1960-03-01,2069.4797642829717,371.9,179707.0
1960-04-01,2080.8921123803916,374.7,180067.0
1960-05-01,2084.1647820495764,376.0,180408.0
1960-06-01,2083.2411137178524,376.5,180728.0
1960-07-01,2086.417570762534,377.7,181028.0
1960-08-01,2082.092351137291,377.5,181308.0
1960-09-01,2083.52839447697,378.3,181567.0
1960-10-01,2090.678576732469,380.1,181807.0
1960-11-01,2086.5151132255833,379.8,182026.0
1960-12-01,2075.456166826725,378.2,182225.0
1961-01-01,2093.704085436723,381.9,182404.0
1961-02-01,2101.505220909922,383.8,182631.0
1961-03-01,2106.44894923633,385.2,182867.0
1961-04-01,2106.9877938887525,385.8,183105.0
1961-05-01,2122.8897919109827,389.2,183335.0
1961-06-01,2142.483603163881,393.3,183572.0
1961-07-01,2151.5027879776962,395.5,183825.0
1961-08-01,2150.450024714695,395.9,184101.0
1961-09-01,2151.488198542173,396.7,184384.0
1961-10-01,2170.545994129561,400.8,184654.0
1961-11-01,2188.209843158464,404.6,184900.0
1961-12-01,2199.007178778041,407.1,185129.0
1962-01-01,2195.3417104134405,406.9,185347.0
1962-02-01,2208.5572160753645,409.8,185551.0
1962-03-01,2223.8132664377,413.1,185762.0
1962-04-01,2233.5614928406667,415.4,185981.0
1962-05-01,2233.607767949689,415.9,186201.0
1962-06-01,2232.5212148520054,416.2,186426.0
1962-07-01,2238.2462606608665,417.8,186664.0
1962-08-01,2240.4827630480836,418.8,186924.0
1962-09-01,2249.0397508427222,421.0,187191.0
1962-10-01,2254.4798851954397,422.6,187449.0
1962-11-01,2259.6371580041027,424.1,187685.0
1962-12-01,2266.5708735797343,425.9,187905.0
1963-01-01,2285.8600947302953,430.0,188113.0
1963-02-01,2272.437599575146,427.9,188300.0
1963-03-01,2278.177458033573,429.4,188484.0
1963-04-01,2284.760314810398,431.1,188685.0
1963-05-01,2294.816414686825,433.5,188904.0
1963-06-01,2308.465076931211,436.6,189130.0
1963-07-01,2312.9445685407854,438.0,189369.0
1963-08-01,2321.9022406910335,440.3,189629.0
1963-09-01,2335.5011980304907,443.5,189895.0
1963-10-01,2350.8127922081335,447.0,190147.0
1963-11-01,2355.95081131907,448.5,190369.0
1963-12-01,2376.0298053208794,452.8,190570.0
1964-01-01,2386.731179526428,455.3,190763.0
1964-02-01,2395.3538305237416,457.4,190953.0
1964-03-01,2451.0060372699404,468.5,191146.0
1964-04-01,2463.599970733645,471.4,191346.0
1964-05-01,2473.937261493968,473.9,191557.0
1964-06-01,2483.07939388251,476.2,191778.0
1964-07-01,2494.6617363678974,479.0,192010.0
1964-08-01,2504.499256192329,481.5,192254.0
1964-09-01,2515.2724099239495,484.2,192504.0
1964-10-01,2512.724461577574,484.3,192739.0
1964-11-01,2529.762676023489,488.1,192943.0
1964-12-01,2555.260419093776,493.5,193131.0
1965-01-01,2560.6803650133465,495.0,193308.0
1965-02-01,2560.643417223609,495.4,193467.0
1965-03-01,2570.432537120723,497.7,193625.0
1965-04-01,2574.8326874751674,499.0,193799.0
1965-05-01,2606.3467843371754,505.6,193988.0
1965-06-01,2614.897396946368,507.8,194195.0
1965-07-01,2641.24351905193,513.5,194416.0
1965-08-01,2652.0075008348535,516.2,194645.0
1965-09-01,2719.1231482099147,529.9,194879.0
1965-10-01,2703.797105014967,527.5,195096.0
1965-11-01,2724.74959546097,532.1,195284.0
1965-12-01,2743.840045841519,536.3,195456.0
1966-01-01,2746.2247078429973,537.2,195614.0
1966-02-01,2767.16387413159,541.7,195760.0
1966-03-01,2782.8394967205168,545.2,195915.0
1966-04-01,2779.350193024596,545.0,196089.0
1966-05-01,2784.358680422876,546.5,196275.0
1966-06-01,2800.484562214327,550.2,196466.0
1966-07-01,2812.4539181637438,553.1,196661.0
1966-08-01,2834.822448989958,558.1,196873.0
1966-09-01,2857.4907659211754,563.2,197096.0
1966-10-01,2871.2183798523083,566.5,197303.0
1966-11-01,2886.2951616578475,570.0,197485.0
1966-12-01,2887.368836451577,570.7,197654.0
1967-01-01,2914.8594133883344,576.6,197814.0
1967-02-01,2921.7285883868362,578.4,197965.0
1967-03-01,2942.6313079819506,583.0,198122.0
1967-04-01,2944.217220493527,583.8,198287.0
1967-05-01,2953.3589986495476,586.1,198452.0
1967-06-01,2971.398651744224,590.2,198627.0
1967-07-01,2990.26215721385,594.5,198812.0
1967-08-01,3007.3563403211865,598.5,199012.0
1967-09-01,3012.8707105997632,600.2,199212.0
1967-10-01,3022.9934053810084,602.8,199405.0
1967-11-01,3048.9332491557184,608.5,199578.0
1967-12-01,3056.580535014244,610.5,199733.0
1968-01-01,3085.598206780611,616.7,199864.0
1968-02-01,3118.1870912254735,623.6,199988.0
1968-03-01,3155.9170947174866,631.6,200132.0
1968-04-01,3173.9770826572135,635.7,200285.0
1968-05-01,3196.3242520541385,640.7,200449.0
1968-06-01,3218.0080848963967,645.6,200621.0
1968-07-01,3218.5934403043793,646.3,200802.0
1968-08-01,3232.88407289661,649.8,200997.0
1968-09-01,3241.1664421724413,652.1,201193.0
1968-10-01,3264.0109644549057,657.3,201378.0
1968-11-01,3284.6425594411144,662.0,201544.0
1968-12-01,3300.5934821087703,665.7,201691.0
1969-01-01,3305.404293904004,667.1,201821.0
1969-02-01,3312.173189668832,668.9,201952.0
1969-03-01,3331.6509312590306,673.3,202092.0
1969-04-01,3339.0029963509787,675.3,202246.0
1969-05-01,3387.5278506464315,685.7,202419.0
1969-06-01,3425.1105670510187,693.9,202592.0
1969-07-01,3460.9447817060122,701.8,202777.0
1969-08-01,3488.4522918062507,708.1,202984.0
1969-09-01,3506.9587984015434,712.6,203196.0
1969-10-01,3523.581496649476,716.7,203401.0
1969-11-01,3541.466098198322,721.0,203588.0
1969-12-01,3561.508033882667,725.7,203762.0
1970-01-01,3589.974942259316,732.1,203929.0
1970-02-01,3613.253496143707,737.4,204082.0
1970-03-01,3632.87408321338,742.0,204246.0
1970-04-01,3685.9914720494467,753.8,204504.0
1970-05-01,3678.7010487546345,753.1,204719.0
1970-06-01,3691.794223703407,756.6,204941.0
1970-07-01,3753.886944739587,770.2,205174.0
1970-08-01,3770.847734862573,774.6,205418.0
1970-09-01,3779.465536019916,777.3,205664.0
1970-10-01,3781.337114994221,778.6,205906.0
1970-11-01,3786.4270779261733,780.5,206131.0
1970-12-01,3816.294487090021,787.5,206352.0
1971-01-01,3879.128805665958,801.3,206567.0
1971-02-01,3891.914374981863,804.7,206762.0
1971-03-01,3913.799768071125,810.0,206960.0
1971-04-01,3933.617489609631,814.9,207163.0
1971-05-01,3962.1722503267247,821.6,207361.0
1971-06-01,4059.509929563215,842.6,207562.0
1971-07-01,4010.1842894340402,833.2,207771.0
1971-08-01,4031.288762391946,838.5,207998.0
1971-09-01,4056.572059741632,844.7,208230.0
1971-10-01,4071.9597025665626,848.8,208450.0
1971-11-01,4085.8287642345003,852.5,208648.0
1971-12-01,4119.1596952530535,860.2,208829.0
1972-01-01,4112.178152917139,859.4,208989.0
1972-02-01,4150.389457628254,868.0,209137.0
1972-03-01,4170.588488239313,872.9,209299.0
1972-04-01,4172.03746670104,873.9,209466.0
1972-05-01,4208.266749350061,882.2,209635.0
1972-06-01,4224.754660146513,886.4,209811.0
1972-07-01,4266.951130075338,896.0,209986.0
1972-08-01,4315.410344614302,907.0,210177.0
1972-09-01,4347.392087613307,914.6,210379.0
1972-10-01,4457.467421450553,938.6,210568.0
1972-11-01,4516.487218787221,951.8,210739.0
1972-12-01,4548.06237938768,959.2,210903.0
1973-01-01,4534.879864299489,957.1,211053.0
1973-02-01,4589.771150686359,969.3,211187.0
1973-03-01,4635.723985861444,979.7,211337.0
1973-04-01,4672.835332554764,988.3,211499.0
1973-05-01,4700.8910432670955,995.0,211662.0
1973-06-01,4738.27822573031,1003.7,211828.0
1973-07-01,4763.185079315664,1009.8,212001.0
1973-08-01,4798.035731958471,1018.1,212191.0
1973-09-01,4837.50977013118,1027.4,212382.0
1973-10-01,4903.671990778857,1042.3,212555.0
1973-11-01,4948.051337501763,1052.5,212710.0
1973-12-01,4967.137870609183,1057.3,212859.0
1974-01-01,4974.577822847565,1059.6,213003.0
1974-02-01,4991.484590157782,1063.9,213143.0
1974-03-01,5010.174132385622,1068.6,213286.0
1974-04-01,5038.020586871067,1075.3,213437.0
1974-05-01,5078.651685393258,1084.8,213600.0
1974-06-01,5107.358375824484,1091.8,213770.0
1974-07-01,5160.599771907192,1104.1,213948.0
1974-08-01,5202.573968918111,1114.1,214144.0
1974-09-01,5246.117313353457,1124.5,214349.0
1974-10-01,5296.031472279969,1136.2,214538.0
1974-11-01,5303.114986213578,1138.6,214704.0
1974-12-01,5342.1578072857765,1147.8,214857.0
1975-01-01,5368.422031832854,1154.2,214998.0
1975-02-01,5397.151516278378,1161.1,215132.0
1975-03-01,5416.30279269403,1166.0,215276.0
1975-04-01,5530.129317947623,1191.4,215438.0
1975-05-01,5866.559082941488,1265.1,215646.0
1975-06-01,5698.773804725971,1230.2,215871.0
1975-07-01,5653.357027822513,1221.6,216084.0
1975-08-01,5710.283225609587,1235.1,216294.0
1975-09-01,5747.147674257471,1244.2,216490.0
1975-10-01,5799.8237023430975,1256.7,216679.0
1975-11-01,5827.964823773005,1263.8,216851.0
1975-12-01,5861.400008294434,1272.0,217013.0
1976-01-01,5917.889967399112,1285.2,217172.0
1976-02-01,5958.631479649357,1294.9,217315.0
1976-03-01,5981.467430042997,1300.7,217455.0
1976-04-01,5998.887903422225,1305.4,217607.0
1976-05-01,6023.24438750442,1311.7,217773.0
1976-06-01,6050.525813496797,1318.7,217948.0
1976-07-01,6110.464210072708,1332.9,218134.0
1976-08-01,6151.04173823035,1343.0,218337.0
1976-09-01,6180.96292703462,1350.8,218542.0
1976-10-01,6196.883043261604,1355.5,218739.0
1976-11-01,6276.265302393568,1374.0,218920.0
1976-12-01,6330.188550067779,1386.9,219093.0
1977-01-01,6349.481442292782,1392.2,219262.0
1977-02-01,6337.957561615867,1390.7,219424.0
1977-03-01,6453.728243941091,1417.2,219594.0
1977-04-01,6496.277960795734,1427.7,219772.0
1977-05-01,6525.030347392398,1435.2,219953.0
1977-06-01,6582.993781314873,1449.2,220143.0
1977-07-01,6653.535981556531,1466.1,220349.0
1977-08-01,6704.809745526424,1478.9,220573.0
1977-09-01,6760.086233446258,1492.6,220796.0
1977-10-01,6834.172673263743,1510.4,221007.0
1977-11-01,6922.05455548222,1531.2,221206.0
1977-12-01,6978.634988030173,1545.0,221390.0
1978-01-01,6984.333319792555,1547.4,221553.0
1978-02-01,7053.326176869889,1563.8,221711.0
1978-03-01,7152.578731995745,1587.1,221892.0
1978-04-01,7225.194070711983,1604.6,222084.0
1978-05-01,7266.126202323217,1615.1,222278.0
1978-06-01,7307.107990758803,1625.7,222482.0
1978-07-01,7376.839382658949,1642.8,222697.0
1978-08-01,7437.660642435171,1658.1,222933.0
1978-09-01,7474.189848006883,1668.0,223168.0
1978-10-01,7546.679917451193,1685.8,223383.0
1978-11-01,7589.954603394682,1697.0,223585.0
1978-12-01,7656.592829596793,1713.4,223781.0
1979-01-01,7745.129993347412,1734.7,223973.0
1979-02-01,7812.179344189159,1751.1,224150.0
1979-03-01,7887.827470768902,1769.5,224333.0
1979-04-01,7898.311576678291,1773.4,224529.0
1979-05-01,7935.603869463454,1783.4,224734.0
1979-06-01,7972.509202126714,1793.4,224948.0
1979-07-01,8083.526517271088,1820.2,225174.0
1979-08-01,8147.937840199806,1836.7,225419.0
1979-09-01,8203.419273072117,1851.2,225662.0
1979-10-01,8257.00663588513,1865.2,225893.0
1979-11-01,8328.763488413231,1883.3,226120.0
1979-12-01,8407.742368747764,1903.0,226339.0
1980-01-01,8546.748236623498,1936.3,226554.0
1980-02-01,8585.55344361486,1946.8,226753.0
1980-03-01,8628.582758696657,1958.3,226955.0
1980-04-01,8656.16580675835,1966.3,227156.0
1980-05-01,8682.554411641826,1974.3,227387.0
1980-06-01,8747.320141988543,1991.1,227624.0
1980-07-01,8884.743679775282,2024.3,227840.0
1980-08-01,8959.529968869207,2043.4,228070.0
1980-09-01,9072.193848498917,2071.2,228302.0
1980-10-01,9208.585869636567,2104.3,228515.0
1980-11-01,9290.499177948017,2124.7,228696.0
1980-12-01,9387.917398561553,2148.5,228858.0
1981-01-01,9435.643045536324,2160.8,229004.0
1981-02-01,9495.609824218409,2175.9,229148.0
1981-03-01,9582.057789755532,2197.3,229314.0
1981-04-01,9589.566384445441,2200.7,229489.0
1981-05-01,9643.920790009928,2214.9,229668.0
1981-06-01,9726.620958479796,2235.8,229864.0
1981-07-01,9930.588455169356,2284.8,230077.0
1981-08-01,10012.592270950934,2305.9,230300.0
1981-09-01,10046.111735284803,2315.9,230527.0
1981-10-01,10095.695438864137,2329.4,230732.0
1981-11-01,10148.28544949027,2343.3,230906.0
1981-12-01,10158.69443855405,2347.4,231073.0
1982-01-01,10225.095681882069,2364.4,231235.0
1982-02-01,10276.500484027105,2377.9,231392.0
1982-03-01,10293.749298231976,2383.6,231558.0
1982-04-01,10393.264487953496,2408.4,231727.0
1982-05-01,10403.146170132944,2412.5,231901.0
1982-06-01,10412.770907837477,2416.7,232090.0
1982-07-01,10559.64527099746,2452.9,232290.0
1982-08-01,10598.8920239488,2464.2,232496.0
1982-09-01,10613.73051205803,2469.9,232708.0
1982-10-01,10651.553208389687,2480.8,232905.0
1982-11-01,10716.201083762018,2497.7,233077.0
1982-12-01,10774.692271084416,2513.1,233241.0
1983-01-01,10853.134988303242,2533.1,233398.0
1983-02-01,10867.805928672664,2538.1,233543.0
1983-03-01,10925.685823951528,2553.3,233697.0
1983-04-01,10991.567316080256,2570.4,233852.0
1983-05-01,11036.663533031366,2582.8,234020.0
1983-06-01,11077.096489093261,2594.4,234213.0
1983-07-01,11271.138717769321,2642.0,234404.0
1983-08-01,11288.528181891808,2648.3,234601.0
1983-09-01,11400.998279416024,2677.0,234804.0
1983-10-01,11514.385534888273,2705.8,234993.0
1983-11-01,11623.298477187582,2733.3,235157.0
1983-12-01,11727.933364497896,2759.7,235310.0
1984-01-01,11826.83813536287,2784.7,235456.0
1984-02-01,11970.662263742513,2820.3,235601.0
1984-03-01,12081.507654067536,2848.3,235757.0
1984-04-01,12203.072279964055,2878.9,235916.0
1984-05-01,12229.060857262673,2887.0,236077.0
1984-06-01,12323.177596993066,2911.4,236254.0
1984-07-01,12373.069879762656,2925.6,236449.0
1984-08-01,12484.840802011367,2954.6,236655.0
1984-09-01,12579.158012057349,2979.6,236868.0
1984-10-01,12551.251117822734,2975.5,237068.0
1984-11-01,12613.915140070309,2992.5,237238.0
1984-12-01,12718.204488778056,3019.2,237392.0
1985-01-01,12769.907592565307,3033.3,237535.0
1985-02-01,12703.48849440604,3019.2,237667.0
1985-03-01,12685.85797423218,3016.9,237816.0
1985-04-01,12905.746952564636,3071.4,237987.0
1985-05-01,13241.271014225014,3153.7,238172.0
1985-06-01,12987.481541146462,3095.8,238368.0
1985-07-01,13035.842278883192,3110.0,238573.0
1985-08-01,13057.552902353123,3118.0,238789.0
1985-09-01,13123.519911634017,3136.6,239006.0
1985-10-01,13199.280966514778,3157.4,239210.0
1985-11-01,13247.727576527202,3171.4,239392.0
1985-12-01,13362.525985356364,3201.1,239558.0
1986-01-01,13438.9874558326,3221.5,239713.0
1986-02-01,13500.48778860826,3238.2,239858.0
1986-03-01,13600.20999037544,3264.2,240011.0
1986-04-01,13614.20250392409,3269.9,240183.0
1986-05-01,13642.585234955171,3279.2,240365.0
1986-06-01,13672.133191993515,3288.9,240555.0
1986-07-01,13736.06974783284,3307.0,240753.0
1986-08-01,13761.978079440241,3316.1,240961.0
1986-09-01,13807.630270637846,3330.0,241171.0
1986-10-01,13812.761267923654,3334.0,241371.0
1986-11-01,13835.988474149637,3342.0,241544.0
1986-12-01,13869.558381809005,3352.3,241702.0
1987-01-01,13978.921428778161,3380.9,241857.0
1987-02-01,14093.510464659821,3410.7,242005.0
1987-03-01,14139.47457529133,3424.1,242166.0
1987-04-01,13649.530820589425,3307.8,242338.0
1987-05-01,14228.339573471441,3450.6,242516.0
1987-06-01,14252.222853987952,3459.1,242706.0
1987-07-01,14312.826255207732,3476.7,242908.0
1987-08-01,14417.27885224459,3505.1,243118.0
1987-09-01,14453.325662152998,3517.0,243335.0
1987-10-01,14579.766201451079,3550.8,243543.0
1987-11-01,14653.460471681083,3571.4,243724.0
1987-12-01,14801.45144426905,3610.0,243895.0
1988-01-01,14880.191431474743,3631.6,244056.0
1988-02-01,14980.037263774288,3658.2,244205.0
1988-03-01,15082.95070428299,3685.7,244362.0
1988-04-01,15198.25950402408,3716.4,244528.0
1988-05-01,15252.464161367834,3732.4,244708.0
1988-06-01,15361.310500828862,3762.2,244914.0
1988-07-01,15486.821332267236,3796.3,245131.0
1988-08-01,15562.538719880009,3818.3,245352.0
1988-09-01,15654.025792107632,3844.3,245579.0
1988-10-01,15775.319481343755,3877.4,245789.0
1988-11-01,15805.586047078912,3887.7,245970.0
1988-12-01,15922.239375964898,3919.1,246140.0
1989-01-01,16062.054153251509,3956.1,246301.0
1989-02-01,16153.11579442817,3981.0,246454.0
1989-03-01,16283.765701913018,4016.0,246626.0
1989-04-01,16295.67204453556,4022.0,246814.0
1989-05-01,16267.357596858426,4018.2,247010.0
1989-06-01,16334.719368356335,4038.4,247228.0
1989-07-01,16416.119098998617,4062.3,247458.0
1989-08-01,16446.03241890228,4073.6,247695.0
1989-09-01,16515.55605746505,4094.9,247942.0
1989-10-01,16646.38519748241,4131.2,248174.0
1989-11-01,16684.91827039214,4144.2,248380.0
1989-12-01,16720.910491654227,4156.3,248569.0
1990-01-01,16934.74791250407,4212.4,248743.0
1990-02-01,17032.78161658364,4239.8,248920.0
1990-03-01,17085.965658690082,4256.9,249146.0
1990-04-01,17211.62943600763,4293.2,249436.0
1990-05-01,17210.971258314745,4297.7,249707.0
1990-06-01,17292.291691667666,4322.9,249990.0
1990-07-01,17374.992508540265,4348.7,250285.0
1990-08-01,17358.68632654283,4350.0,250595.0
1990-09-01,17435.353760800946,4374.6,250904.0
1990-10-01,17370.94995640941,4363.6,251201.0
1990-11-01,17377.508091901735,4370.2,251486.0
1990-12-01,17474.71778453912,4399.4,251758.0
1991-01-01,17473.374283764264,4403.5,252012.0
1991-02-01,17489.5838701621,4411.8,252253.0
1991-03-01,17503.673165496402,4419.8,252507.0
1991-04-01,17584.99552967426,4445.1,252778.0
1991-05-01,17641.270844858926,4464.3,253060.0
1991-06-01,17742.64850996645,4495.1,253350.0
1991-07-01,17714.961561206386,4493.4,253650.0
1991-08-01,17776.00151201342,4514.5,253966.0
1991-09-01,17864.558754129306,4542.6,254280.0
1991-10-01,17904.280057821634,4558.0,254576.0
1991-11-01,17953.547506092033,4575.3,254841.0
1991-12-01,18145.43159446311,4628.7,255089.0
1992-01-01,18333.45735535442,4681.1,255331.0
1992-02-01,18446.56775284064,4714.5,255576.0
1992-03-01,18491.838904349457,4731.1,255848.0
1992-04-01,18576.241806206785,4758.1,256139.0
1992-05-01,18668.132913737096,4787.2,256437.0
1992-06-01,18759.299218670883,4816.3,256742.0
1992-07-01,18785.278316988442,4829.0,257063.0
1992-08-01,18853.879327091185,4852.8,257390.0
1992-09-01,18774.64067302021,4838.3,257704.0
1992-10-01,18698.934900234104,4824.4,258004.0
1992-11-01,18744.385937741987,4841.3,258280.0
1992-12-01,19425.94354582937,5022.5,258546.0
1993-01-01,19029.82623580462,4924.9,258799.0
1993-02-01,19131.317654688923,4955.7,259036.0
1993-03-01,19092.651658612405,4950.4,259283.0
1993-04-01,19223.10795347278,4989.3,259547.0
1993-05-01,19234.32195887954,4997.5,259822.0
1993-06-01,19184.649512319837,4990.1,260109.0
1993-07-01,19241.122686829665,5010.6,260411.0
1993-08-01,19279.525309051576,5026.5,260717.0
1993-09-01,19224.94875773423,5018.0,261015.0
1993-10-01,19170.742535228517,5009.2,261294.0
1993-11-01,19241.445230357484,5032.6,261550.0
1993-12-01,19883.038701890022,5205.3,261796.0
1994-01-01,19499.963743364082,5109.4,262021.0
1994-02-01,19566.65154040048,5131.1,262237.0
1994-03-01,19666.579044614864,5162.3,262491.0
1994-04-01,19670.870852584547,5168.6,262754.0
1994-05-01,19906.925106648316,5235.8,263014.0
1994-06-01,19902.846247920574,5240.3,263294.0
1994-07-01,19960.543288565143,5261.2,263580.0
1994-08-01,20007.503666564346,5279.4,263871.0
1994-09-01,20095.094242482748,5308.3,264159.0
1994-10-01,20299.890330144084,5367.9,264430.0
1994-11-01,20318.79885598135,5378.0,264681.0
1994-12-01,20405.852244417267,5406.0,264924.0
1995-01-01,20495.404609344652,5434.5,265157.0
1995-02-01,20555.574396249947,5455.1,265383.0
1995-03-01,20631.717647058824,5480.3,265625.0
1995-04-01,20513.620960068,5454.1,265877.0
1995-05-01,20733.16449608092,5517.8,266134.0
1995-06-01,20793.95226977561,5539.8,266414.0
1995-07-01,20844.394450693664,5559.2,266700.0
1995-08-01,20879.931684881536,5574.9,266998.0
1995-09-01,20938.70649148535,5597.0,267304.0
1995-10-01,20994.82407459312,5617.9,267585.0
1995-11-01,21032.82318195565,5633.2,267829.0
1995-12-01,21084.73513973296,5651.7,268047.0
1996-01-01,21143.824228913956,5672.0,268258.0
1996-02-01,21323.376042908225,5724.9,268480.0
1996-03-01,21437.236718715114,5760.7,268724.0
1996-04-01,21352.14514090267,5743.3,268980.0
1996-05-01,21638.866914023183,5826.2,269247.0
1996-06-01,21746.615366920567,5861.3,269527.0
1996-07-01,21712.091675252574,5858.4,269822.0
1996-08-01,21763.595305963794,5879.0,270130.0
1996-09-01,21851.99291506584,5909.5,270433.0
1996-10-01,21892.660584346027,5927.0,270730.0
1996-11-01,21969.579560298447,5953.8,271002.0
1996-12-01,22050.338626250264,5981.0,271243.0
1997-01-01,22123.828608475276,6006.0,271472.0
1997-02-01,22212.857421522767,6035.3,271703.0
1997-03-01,22321.586162263928,6070.4,271952.0
1997-04-01,22339.124141756638,6081.0,272213.0
1997-05-01,22404.415704523602,6104.8,272482.0
1997-06-01,22481.825147470186,6132.3,272767.0
1997-07-01,22554.69213473271,6159.1,273074.0
1997-08-01,22663.545419630937,6196.1,273395.0
1997-09-01,22752.034139194675,6227.3,273703.0
1997-10-01,22870.626193022348,6266.3,273989.0
1997-11-01,22997.71375647678,6307.1,274249.0
1997-12-01,23104.273603911126,6342.1,274499.0
1998-01-01,23299.069638775243,6401.0,274732.0
1998-02-01,23416.126251623064,6438.1,274943.0
1998-03-01,23534.478059416735,6476.1,275175.0
1998-04-01,23615.457786620387,6504.5,275434.0
1998-05-01,23721.436343852012,6540.0,275700.0
1998-06-01,23811.853204626488,6571.5,275976.0
1998-07-01,23887.847219708543,6599.4,276266.0
1998-08-01,23972.216396809443,6629.9,276566.0
1998-09-01,24003.554155725476,6645.6,276859.0
1998-10-01,24066.175939958142,6669.7,277140.0
1998-11-01,24144.02203300625,6697.6,277402.0
1998-12-01,24192.711897370147,6717.3,277658.0
1999-01-01,24340.478820832628,6764.0,277891.0
1999-02-01,24394.181844333772,6783.9,278095.0
1999-03-01,24416.50737988819,6795.7,278324.0
1999-04-01,24435.71777273641,6807.4,278584.0
1999-05-01,24474.017334925535,6824.8,278859.0
1999-06-01,24542.894808488687,6851.1,279148.0
1999-07-01,24632.489765537775,6883.5,279448.0
1999-08-01,24758.71486173468,6926.3,279752.0
1999-09-01,24792.80707580351,6943.3,280053.0
1999-10-01,24949.257500793687,6994.2,280337.0
1999-11-01,25112.79642472754,7046.5,280594.0
1999-12-01,25344.49484771013,7117.9,280846.0
2000-01-01,25558.28705400184,7184.0,281083.0
2000-02-01,25718.18598715246,7234.5,281299.0
2000-03-01,25877.079255925637,7285.2,281531.0
2000-04-01,25966.50376380149,7316.4,281763.0
2000-05-01,26074.483326004625,7352.9,281996.0
2000-06-01,26211.793216579805,7398.2,282247.0
2000-07-01,26391.838699629032,7455.8,282504.0
2000-08-01,26526.2458048796,7500.8,282769.0
2000-09-01,26643.889581780215,7541.1,283033.0
2000-10-01,26728.206576415978,7571.7,283285.0
2000-11-01,26750.21074128025,7584.3,283523.0
2000-12-01,26819.572296544822,7610.0,283748.0
2001-01-01,27068.601211438232,7686.4,283960.0
2001-02-01,27122.878880654265,7707.4,284166.0
2001-03-01,27175.25845699416,7728.1,284380.0
2001-04-01,27121.032178270005,7718.7,284602.0
2001-05-01,27102.803738317758,7719.8,284834.0
2001-06-01,27123.644221190138,7732.3,285076.0
2001-07-01,27486.296280719464,7842.5,285324.0
2001-08-01,27909.12656171214,7970.4,285584.0
2001-09-01,27551.234598134633,7875.3,285842.0
2001-10-01,27138.343015736526,7763.9,286086.0
2001-11-01,27129.21083422105,7767.5,286315.0
2001-12-01,27127.067388398544,7772.8,286533.0
2002-01-01,27693.128594296555,7940.7,286739.0
2002-02-01,27761.339676233292,7965.7,286935.0
2002-03-01,27836.423096078095,7992.7,287131.0
2002-04-01,28027.13133780882,8053.4,287343.0
2002-05-01,28137.05137166126,8091.4,287571.0
2002-06-01,28234.795419168335,8126.2,287808.0
2002-07-01,28202.99183130765,8123.9,288051.0
2002-08-01,28242.16189217594,8142.3,288303.0
2002-09-01,28301.461771453523,8166.5,288554.0
2002-10-01,28410.562546313286,8204.8,288794.0
2002-11-01,28493.62656221887,8235.0,289012.0
2002-12-01,28569.156403216995,8262.6,289214.0
2003-01-01,28592.80195707158,8275.1,289412.0
2003-02-01,28591.94906182883,8280.4,289606.0
2003-03-01,28713.393993975344,8321.4,289809.0
2003-04-01,28812.78790720768,8356.4,290024.0
2003-05-01,28982.945736434107,8412.3,290250.0
2003-06-01,29075.26748461189,8445.9,290484.0
2003-07-01,29488.24666524494,8573.0,290726.0
2003-08-01,29767.26442912425,8661.5,290974.0
2003-09-01,29497.771459573796,8590.4,291222.0
2003-10-01,29588.661339518225,8624.0,291463.0
2003-11-01,29782.259142818937,8686.8,291677.0
2003-12-01,29851.165595406143,8712.6,291868.0
2004-01-01,29930.558884559283,8741.1,292046.0
2004-02-01,30028.06008965541,8775.1,292230.0
2004-03-01,30175.01384927881,8824.2,292434.0
2004-04-01,30311.873186833465,8870.8,292651.0
2004-05-01,30541.67008112759,8944.8,292872.0
2004-06-01,30629.16449166334,8977.5,293103.0
2004-07-01,30707.687063235044,9008.1,293350.0
2004-08-01,30798.39102461487,9042.5,293603.0
2004-09-01,30855.48413003604,9067.1,293857.0
2004-10-01,30979.17743383293,9111.1,294104.0
2004-11-01,30986.2504544111,9120.4,294337.0
2004-12-01,32127.471050139022,9463.5,294561.0
2005-01-01,30977.92161971449,9131.3,294768.0
2005-02-01,31064.060619416523,9162.5,294955.0
2005-03-01,31254.722191164463,9224.8,295149.0
2005-04-01,31420.40703008881,9280.3,295359.0
2005-05-01,31554.695482133553,9327.0,295582.0
2005-06-01,31620.490561955758,9354.1,295824.0
2005-07-01,31770.78935547172,9406.6,296077.0
2005-08-01,31923.00683678772,9460.0,296338.0
2005-09-01,32080.268099768717,9515.2,296606.0
2005-10-01,32265.703688981564,9578.3,296857.0
2005-11-01,32373.46384416791,9617.8,297089.0
2005-12-01,32462.976479175006,9651.6,297311.0
2006-01-01,32955.103083428,9805.0,297526.0
2006-02-01,33114.12200151813,9859.2,297734.0
2006-03-01,33286.121832522236,9917.6,297950.0
2006-04-01,33400.07378341215,9958.9,298170.0
2006-05-01,33441.24181889471,9978.9,298401.0
2006-06-01,33541.60179204629,10017.3,298653.0
2006-07-01,33622.16051654344,10050.0,298910.0
2006-08-01,33677.609984691386,10075.6,299178.0
2006-09-01,33746.64386946823,10105.5,299452.0
2006-10-01,33798.00473791332,10129.6,299710.0
2006-11-01,33923.65394232372,10175.4,299950.0
2006-12-01,34178.72062576205,10259.7,300178.0
2007-01-01,34258.55032323784,10291.2,300398.0
2007-02-01,34449.182989142006,10355.7,300608.0
2007-03-01,34657.25692516862,10425.7,300823.0
2007-04-01,34758.590908335966,10463.9,301045.0
2007-05-01,34849.20903617257,10499.3,301278.0
2007-06-01,34872.71497174392,10515.1,301528.0
2007-07-01,34931.906292455016,10542.1,301790.0
2007-08-01,34941.601779755285,10554.6,302064.0
2007-09-01,35108.52236268498,10614.5,302334.0
2007-10-01,35174.658779206184,10643.5,302590.0
2007-11-01,35298.21618444428,10689.5,302834.0
2007-12-01,35475.9092198956,10751.4,303062.0
2008-01-01,35544.05170139805,10779.8,303280.0
2008-02-01,35572.36716376601,10796.0,303494.0
2008-03-01,35642.24729755982,10824.8,303707.0
2008-04-01,35544.8365720603,10803.0,303926.0
2008-05-01,37407.654599433845,11377.8,304157.0
2008-06-01,36695.94869840602,11170.1,304396.0
2008-07-01,36267.99629734183,11048.9,304646.0
2008-08-01,35998.33389635392,10976.0,304903.0
2008-09-01,36074.754717228454,11008.5,305158.0
2008-10-01,36072.33720690366,11016.6,305403.0
2008-11-01,35918.7880374321,10977.5,305620.0
2008-12-01,35516.15782779153,10861.8,305827.0
2009-01-01,35687.094613361216,10921.5,306035.0
2009-02-01,35363.78687095289,10829.7,306237.0
2009-03-01,35285.441100646785,10812.8,306438.0
2009-04-01,35515.66143260121,10890.7,306645.0
2009-05-01,36034.64738336,11057.7,306863.0
2009-06-01,35560.584844833764,10920.3,307090.0
2009-07-01,35382.75814943284,10873.9,307322.0
2009-08-01,35389.9925220275,10884.9,307570.0
2009-09-01,35523.639978429375,10935.1,307826.0
2009-10-01,35522.33089125559,10943.4,308071.0
2009-11-01,35686.969045278944,11001.9,308289.0
2009-12-01,35866.05941749461,11064.5,308495.0
2010-01-01,35964.63949518312,11102.5,308706.0
2010-02-01,35974.93072281356,11112.8,308904.0
2010-03-01,36147.13922903962,11172.9,309095.0
2010-04-01,36445.52505908713,11272.2,309289.0
2010-05-01,36706.140846890805,11360.0,309485.0
2010-06-01,36688.18273698622,11362.0,309691.0
2010-07-01,36741.924346510146,11386.8,309913.0
2010-08-01,36884.56404403088,11439.6,310146.0
2010-09-01,36891.92454532274,11450.7,310385.0
2010-10-01,36985.3708163239,11488.1,310612.0
2010-11-01,37066.147609548934,11520.9,310820.0
2010-12-01,37341.97157739052,11614.1,311020.0
2011-01-01,37601.05911235074,11701.6,311204.0
2011-02-01,37787.15559794844,11765.9,311373.0
2011-03-01,37812.107808994355,11780.4,311551.0
2011-04-01,37880.28485276191,11808.8,311740.0
2011-05-01,37914.95023001587,11827.0,311935.0
2011-06-01,38021.829458556385,11868.4,312147.0
2011-07-01,38187.80172358598,11928.8,312372.0
2011-08-01,38223.63685801571,11948.9,312605.0
2011-09-01,38196.27799336406,11949.4,312842.0
2011-10-01,38211.20551970868,11962.4,313060.0
2011-11-01,38251.29285577476,11982.6,313260.0
2011-12-01,38611.72612249325,12103.0,313454.0
2012-01-01,38986.59592648803,12227.6,313636.0
2012-02-01,39285.42976504967,12328.2,313811.0
2012-03-01,39485.27514944601,12398.1,313993.0
2012-04-01,39689.85536769199,12469.6,314176.0
2012-05-01,39633.16877035831,12459.4,314368.0
2012-06-01,39562.776562738414,12445.5,314576.0
2012-07-01,39276.54735130053,12364.1,314796.0
2012-08-01,39277.08701683326,12373.5,315031.0
2012-09-01,39650.57856272838,12500.4,315264.0
2012-10-01,40011.094029827094,12622.9,315485.0
2012-11-01,40482.812361415556,12780.1,315692.0
2012-12-01,41435.748724978395,13088.6,315877.0
2013-01-01,39094.032996032125,12355.2,316038.0
2013-02-01,39109.27255994004,12366.0,316191.0
2013-03-01,39156.07999822985,12387.3,316357.0
2013-04-01,39221.255153458544,12414.9,316535.0
2013-05-01,39412.873465959856,12483.2,316729.0
2013-06-01,39482.03726958925,12513.2,316934.0
2013-07-01,39468.27428773222,12517.6,317156.0
2013-08-01,39591.42651001742,12566.2,317397.0
2013-09-01,39743.41618524407,12623.9,317635.0
2013-10-01,39665.391488183624,12608.2,317864.0
2013-11-01,39800.55081175568,12659.6,318076.0
2013-12-01,39939.86351468537,12711.9,318276.0
2014-01-01,40186.33189308682,12797.9,318464.0
2014-02-01,40400.19834171265,12873.2,318642.0
2014-03-01,40679.74167808874,12969.8,318827.0
2014-04-01,40896.49551752241,13046.8,319020.0
2014-05-01,41089.200407236276,13116.7,319225.0
2014-06-01,41276.24139895692,13185.2,319438.0
2014-07-01,41430.53774204649,13244.1,319670.0
2014-08-01,41590.527602299335,13305.6,319919.0
2014-09-01,41706.48975843781,13353.0,320166.0
2014-10-01,41846.36223755708,13407.7,320403.0
2014-11-01,42003.830127005516,13467.1,320616.0
2014-12-01,42195.03452145318,13536.8,320815.0
2015-01-01,42213.16710125017,13550.3,320997.0
2015-02-01,42411.66506831401,13621.1,321164.0
2015-03-01,42347.142003584944,13608.0,321344.0
2015-04-01,42447.23796254253,13648.4,321538.0
2015-05-01,42592.4659663082,13703.7,321740.0
2015-06-01,42672.555706715866,13738.6,321954.0
2015-07-01,42777.46394939569,13782.3,322186.0
2015-08-01,42844.73694820843,13814.3,322427.0
2015-09-01,42867.9455790746,13832.2,322670.0
2015-10-01,42919.96618158507,13858.9,322901.0
2015-11-01,42911.30347587376,13865.2,323113.0
2015-12-01,43054.5159873561,13920.3,323318.0
2016-01-01,43209.617043111626,13978.7,323509.0
2016-02-01,43205.009777964515,13984.9,323687.0
2016-03-01,43283.90007132469,14018.4,323871.0
2016-04-01,43320.54767466619,14038.5,324061.0
2016-05-01,43335.90328748535,14052.1,324260.0
2016-06-01,43409.990261221166,14085.5,324476.0
2016-07-01,43544.904942146066,14138.9,324697.0
2016-08-01,43617.27665546405,14172.3,324924.0
2016-09-01,43756.6698958958,14227.7,325155.0
2016-10-01,43886.92188537287,14279.4,325368.0
2016-11-01,43974.11245784213,14316.3,325562.0
2016-12-01,44118.65832468641,14371.3,325742.0
2017-01-01,44446.01274620207,14485.0,325901.0
2017-02-01,44626.897715074374,14550.6,326050.0
2017-03-01,44773.410748389826,14605.4,326207.0
2017-04-01,44930.46257173584,14664.0,326371.0
2017-05-01,45194.58088856768,14758.2,326548.0
2017-06-01,45219.94350299777,14775.3,326743.0
2017-07-01,45321.60433597705,14817.4,326939.0
2017-08-01,45443.2353120988,14866.3,327140.0
2017-09-01,45655.614006146476,14945.0,327342.0
2017-10-01,45807.07603624728,15003.1,327528.0
2017-11-01,45915.00126640606,15046.3,327699.0
2017-12-01,46051.828896317806,15098.0,327848.0
2018-01-01,46515.981693391754,15255.8,327969.0
2018-02-01,46722.03849612143,15328.8,328085.0
2018-03-01,46934.516283335215,15404.8,328219.0
2018-04-01,47131.53695289374,15476.3,328364.0
2018-05-01,47337.91751516646,15551.5,328521.0
2018-06-01,47515.911552456404,15618.1,328692.0
2018-07-01,47696.153109349485,15685.5,328863.0
2018-08-01,47839.47240457087,15741.1,329040.0
2018-09-01,47879.20392690513,15762.6,329216.0
2018-10-01,48050.72575968717,15826.9,329379.0
2018-11-01,48138.088836423114,15862.8,329527.0
2018-12-01,48663.012385525646,16042.2,329659.0
2019-01-01,48603.55524826695,16027.8,329766.0
2019-02-01,48728.86237274982,16073.8,329862.0
2019-03-01,48812.7960433606,16107.1,329977.0
2019-04-01,48803.25231821583,16110.1,330103.0
2019-05-01,48798.14680232558,16115.1,330240.0
2019-06-01,48859.0859975847,16142.7,330393.0
2019-07-01,48961.58861060102,16184.4,330553.0
2019-08-01,49208.264167944144,16274.6,330729.0
2019-09-01,49318.53347194353,16319.7,330904.0
2019-10-01,49457.20792832849,16373.6,331066.0
2019-11-01,49689.77666939402,16457.9,331213.0
2019-12-01,49628.93660685992,16444.3,331345.0
2020-01-01,50152.21320106323,16622.6,331443.0
2020-02-01,50478.24447628384,16734.8,331525.0
2020-03-01,49585.837356354765,16444.3,331633.0
2020-04-01,57041.12397491558,18919.4,331680.0
2020-05-01,54341.861685128344,18024.0,331678.0
2020-06-01,53676.9183463062,17805.6,331718.0
2020-07-01,54134.55423371722,17960.6,331777.0
2020-08-01,52283.18552068924,17349.6,331839.0
2020-09-01,52655.71379934741,17476.8,331907.0
2020-10-01,52410.90336204066,17398.9,331971.0
2020-11-01,51734.358245280055,17175.6,331996.0
2020-12-01,52029.71370734528,17272.2,331968.0
2021-01-01,57601.15441506523,19120.3,331943.0
2021-02-01,52859.16553697846,17546.6,331950.0
2021-03-01,65367.38634686236,21698.9,331953.0
2021-04-01,55517.9342276097,18429.9,331963.0
2021-05-01,54157.12874388569,17980.6,332008.0
2021-06-01,54206.96674415524,18001.7,332092.0
2021-07-01,54865.258645602546,18225.8,332192.0
2021-08-01,55004.137889525875,18277.6,332295.0
2021-09-01,54285.611140693676,18044.7,332403.0
2021-10-01,54633.35268094781,18166.3,332513.0
2021-11-01,54929.67486274722,18269.5,332598.0
2021-12-01,55103.114478114476,18329.5,332640.0
2022-01-01,54377.12664269998,18090.4,332684.0
2022-02-01,54692.712246431256,18199.0,332750.0
2022-03-01,54984.49575135512,18299.5,332812.0
2022-04-01,55232.03239771317,18384.7,332863.0
2022-05-01,55511.1014994233,18481.2,332928.0
